comment,0
.,28807
agar,841
lain,1289
nominal,62
account,40
dear,268
email,2247
g,349
mas,2086
cancel,941
cape,42
chat,2423
paling,239
ya,8026
jam,2678
status,2962
lama,2354
grab,1321
instant,335
pa,197
hay,15
proses,1471
oh,393
yang,4249
no,11547
bl,1490
data,262
toga,0
n,305
complete,24
jg,1179
via,954
d,2104
dong,587
detail,152
drive,1
delivered,145
sore,930
pick,277
up,546
driver,1018
j,1517
t,1494
...,7356
chatting,24
bung,6
lg,704
per,73
info,1184
set,46
..,9592
order,1635
invalid,27
jug,10
japan,2
hr,417
on,138
time,42
cs,1273
eh,76
customer,241
complain,82
hub,339
urgent,184
tau,712
tracking,585
min,1356
y,678
ready,158
note,62
model,21
trims,500
yes,695
in,123
com,308
pun,492
refund,486
follow,206
supplier,6
history,290
auto,23
response,44
trans,60
novel,20
paddock,1
hp,585
i,97
b,32
visitor,1418
uploaded,1418
type,1425
image,1413
size,1441
hallo,197
store,78
jersey,25
transfer,997
the,33
same,253
day,319
herbal,11
seller,691
hello,42
pressman,3
typo,2
charger,20
laptop,40
acer,7
invoice,327
miss,9
hrs,184
halo,425
sering,189
case,57
u,60
yak,12
update,431
remittance,0
p,82
login,57
pas,212
situ,76
error,82
searching,22
is,30
credit,25
kt,26
an,168
saran,75
pending,64
system,94
server,26
down,7
track,108
boss,123
mo,68
thanks,492
a,219
kl,238
code,30
confirm,59
bang,123
for,50
ad,400
mi,24
at,71
dpt,317
s,120
femme,0
okay,153
check,95
sport,24
l,46
suit,1
crosscheck,3
buyer,92
monitoring,2
reg,292
gm,4
maximal,4
rt,182
mending,85
security,36
city,9
owner,2
boots,2
safety,7
kayak,90
emblem,2
nobleman,0
release,0
id,197
nose,0
k,353
km,55
ah,20
mass,44
la,28
om,87
like,9
feedback,214
promo,59
android,16
attach,10
ninja,483
express,135
one,13
say,109
pickup,167
delivery,91
multi,2
log,41
serum,15
lightening,3
muter,27
casing,26
call,89
steam,5
pot,3
closed,5
by,105
suspend,4
m,58
gang,18
pd,155
fossil,2
sate,0
gila,25
sari,30
limit,37
hi,135
list,14
drop,6
returned,5
to,137
sender,13
sis,158
jog,2
gateway,55
rapid,0
action,12
ms,18
fee,30
mar,69
problem,23
mer,1
bola,33
push,41
weekend,3
text,3
plain,1
transformer,27
alias,28
home,13
step,6
out,40
shock,16
kg,29
shop,106
z,13
digital,16
kitty,2
channel,2
thumb,89
screening,0
platform,1
sip,71
smart,4
x,226
new,25
parcel,61
main,30
or,37
with,26
live,81
sh,15
family,11
valid,283
bullshit,2
process,25
service,132
spy,40
reset,13
link,62
shot,13
gt,82
smile,2
input,135
pk,55
sultan,3
just,9
get,5
it,56
done,7
great,6
go,186
send,177
minimal,25
lo,122
sorry,45
says,66
tiger,5
cm,85
bad,16
max,44
professional,8
reorder,12
unit,55
original,42
ac,17
eyebrow,5
oil,11
compact,1
website,45
fair,7
received,44
destination,28
motor,75
normal,54
copy,19
paste,8
situs,37
twitter,7
brand,3
vulnerability,0
reports,0
affiliate,0
program,7
tips,2
tag,22
play,5
pt,102
mobile,9
site,2
white,10
c,26
best,21
regards,23
tar,13
sweater,11
mail,24
not,54
solo,32
reject,28
marketing,3
plan,0
pomade,3
retry,5
merchant,41
woke,2
kit,11
gadget,8
item,149
blender,6
power,34
audio,14
fail,13
hippo,5
double,9
galaxy,9
battery,16
tidal,3
report,36
ma,24
kapok,67
ox,2
hold,41
may,8
me,39
blacklist,8
vs,8
bk,8
station,2
digit,24
bank,176
total,108
radiator,50
hose,2
subtotal,7
building,0
management,0
town,0
square,1
ooh,35
vehicle,2
males,15
batik,16
q,53
spoiler,0
furniture,6
mash,8
return,35
arrived,9
sorting,18
h,26
bro,43
aka,3
fraud,9
gaming,2
bales,87
kn,118
king,15
big,4
clear,22
cash,27
register,2
stats,6
mart,19
mks,34
bu,381
wise,0
welcome,2
ft,1
facial,3
mouse,7
premix,0
natural,1
aloe,1
decal,0
cream,19
yups,3
skin,5
courier,30
care,7
gate,2
way,4
lost,2
game,17
concern,2
packing,22
request,31
minor,1
pm,8
automatic,1
bum,4
boot,2
market,8
place,4
failed,40
fast,107
pro,29
team,84
provider,7
evolve,1
lupus,1
multifunction,0
spray,3
gun,6
air,34
brush,1
rejected,35
trim,30
counter,14
sop,17
gear,7
screen,40
coil,1
phone,24
gold,12
next,59
before,4
metal,1
rupiah,27
gratis,22
oder,10
voucher,91
topper,0
virtual,25
primer,0
token,49
credits,21
tab,22
tactical,8
army,6
sneakers,0
speaker,21
clicks,4
steamer,1
stainless,1
ea,62
united,4
res,5
met,55
attachment,10
apes,1
bye,16
menu,98
silver,5
pg,12
cover,110
life,0
accessory,1
please,44
rs,8
detect,0
tempered,13
glass,20
back,59
stock,98
tali,23
tie,3
o,38
fiber,2
cc,31
so,33
leader,1
alphabet,4
started,5
found,15
bonus,7
test,37
viper,0
silicone,3
strap,1
led,40
plus,25
tong,8
lam,1
demo,6
pi,4
racing,7
badminton,3
lining,0
body,20
manual,27
ear,0
file,30
touchscreen,15
duh,14
monitor,7
headlamp,3
free,21
vivo,7
disappointed,0
your,19
vita,1
progress,40
record,12
garage,1
tracing,1
mad,2
mt,4
forward,3
tempt,1
authentic,2
punk,1
watt,3
vapor,4
user,21
sporty,2
jelly,7
soft,10
pen,4
r,8
ring,12
diesel,4
engine,7
flush,1
sprinter,12
completed,35
part,5
capture,15
form,12
yuk,5
departed,11
from,20
transit,37
low,17
filter,14
carbon,7
historical,1
bra,3
include,1
read,31
vi,2
chino,5
center,75
pellets,0
boos,2
sales,7
triple,1
racking,2
snap,3
grip,1
slow,40
ca,7
sword,2
click,5
bomber,7
arm,6
wiper,3
bis,9
wait,29
axis,3
modem,8
omni,0
bamboo,0
ram,15
web,73
van,15
mint,8
stun,0
masker,7
v,22
page,2
password,35
pants,2
trams,0
holster,0
long,12
song,0
magnet,1
bun,17
moderator,0
joint,0
respect,2
dz,3
respond,21
complaint,19
memory,3
card,16
be,7
option,3
reply,22
resiny,15
para,13
beat,7
shoot,26
handle,29
inti,8
cargo,14
cable,2
lip,0
therapy,0
rosy,0
nope,1
love,7
you,60
volume,1
quartz,1
break,1
re,8
earphone,7
red,7
cat,39
th,6
ass,8
contact,42
cod,7
bot,11
recommended,3
quick,27
super,11
tempo,28
blue,7
ink,4
bass,3
ye,3
computer,5
yup,19
non,14
ct,0
orient,0
cam,2
mounting,0
helm,39
forwarded,5
ray,10
treatment,0
good,18
taro,3
intercom,0
office,6
boy,4
full,20
alert,1
thank,51
accept,2
anti,21
visa,5
dam,9
misroute,25
bona,3
we,4
pump,3
ban,31
parts,0
estimate,2
pint,1
point,10
do,23
robot,34
elephant,1
saga,7
piston,3
noted,16
lift,1
post,12
review,7
velum,10
reseller,11
upload,16
ii,9
reel,6
rubber,4
paint,6
ssh,8
black,21
panther,2
scroll,1
mode,5
little,2
pony,4
pack,0
delay,8
nicotine,0
gum,1
criss,11
gunner,0
mask,3
final,3
pristine,0
vans,5
doc,0
person,12
freon,0
civic,1
real,23
feed,24
discount,0
box,27
parrot,2
jumping,0
sumo,1
setting,4
ref,37
media,12
resend,4
belt,4
mirror,2
mall,14
bulb,0
humidifier,1
aromatherapy,0
hot,7
fashion,3
show,0
bacon,0
trio,0
replacements,2
replacement,6
ping,18
wheel,1
screw,4
tarot,0
e,50
tiara,0
transfers,1
rattan,2
training,4
las,5
deliver,11
imam,3
dark,2
premium,10
liquid,0
soc,0
guru,5
rating,4
what,9
hem,1
whatever,1
reason,1
diam,14
share,7
address,11
tunic,0
ha,5
all,14
tweeter,2
orion,5
electronics,0
car,1
pioneer,3
copyright,4
rights,4
reserved,4
plaza,12
view,6
download,17
angora,0
plat,8
cross,18
gag,7
dislike,0
trauma,7
distributor,3
prefer,0
pan,5
personal,5
cicadas,0
banned,11
clamp,2
meter,13
tang,7
ampere,2
pistol,0
laser,0
paradise,0
trucking,5
number,19
assigned,1
scarf,0
motif,8
collection,11
sat,2
save,4
deal,9
paid,2
qt,2
aux,0
male,0
female,0
tank,10
now,10
cell,23
billing,3
shipment,15
browser,11
off,46
maps,2
maritime,3
core,5
con,5
wary,0
ons,35
tel,6
seven,2
tap,2
chasing,2
denature,0
striping,4
flow,8
regional,1
ticket,15
scan,19
photo,1
mini,29
ti,7
stay,2
dog,0
tornado,1
die,1
grinder,1
bear,3
refresh,2
men,9
line,23
logistic,2
manifested,13
claim,6
costumer,59
caddy,0
hard,9
disk,1
pal,3
self,1
tony,0
banana,1
plug,0
rice,0
paper,1
bolt,6
other,10
chip,2
poker,1
ops,0
pang,0
guess,0
someday,5
browsing,3
keypad,0
maw,10
far,3
sweeter,5
zipper,5
parka,2
sir,5
siring,2
lucky,1
support,18
vendor,7
sun,0
nm,17
and,28
bole,8
cellular,3
rate,1
hallow,0
ads,4
alfalfa,1
rabbit,1
man,6
story,4
annoying,1
but,19
why,10
they,2
were,1
my,36
need,5
soon,3
help,16
loyal,1
don't,1
make,18
change,3
mind,2
overtime,1
signal,0
rode,0
snorkel,0
regular,22
buzzer,1
trouble,11
responding,1
coat,0
jacket,4
recommend,0
method,1
coda,1
frozen,4
dab,3
hack,2
rain,1
water,7
repellent,0
leather,1
khan,19
sharp,3
bullet,0
pure,1
template,8
baring,4
flysheet,0
area,22
headset,5
random,0
splitter,2
bail,3
sample,0
costumers,1
sing,1
wake,1
alloy,0
stem,0
roll,6
scion,4
supporting,0
mu,14
canceled,13
poses,1
duster,2
stick,5
expire,5
unlimited,1
printer,16
couple,10
vitamin,6
bird,1
polo,6
direct,3
whitening,1
of,19
pin,6
button,3
ht,12
icon,7
let,1
know,4
jeans,12
keyboard,15
souvenir,3
style,2
height,1
outline,1
none,6
width,1
border,1
pale,1
product,8
excel,2
deadline,16
dis,0
leave,5
player,3
guest,1
house,1
co,3
fine,6
drill,3
cap,4
right,2
boom,2
mix,2
hand,4
transaction,7
damage,0
notifications,0
supreme,2
starter,2
stria,1
lot,3
gas,5
warehouse,15
lier,1
notification,3
shopping,1
binder,2
standard,2
drag,7
mercy,2
matte,4
fan,10
slain,1
hotel,14
carry,1
warning,1
hood,0
molding,0
iii,4
member,7
target,5
keyword,1
sexy,6
picked,6
stuck,11
frame,3
slider,0
banking,6
bloom,3
jumbo,6
rose,0
tools,1
series,1
glow,5
solution,11
global,4
expired,10
pis,3
sue,1
harry,5
logout,0
chem,1
close,18
legging,3
junior,3
seat,0
force,1
jinx,0
as,16
loading,4
inc,4
format,4
yo,7
slim,6
yew,0
prises,2
lion,2
posting,3
modern,6
manifest,19
tam,7
advance,0
camera,12
st,10
usual,0
will,6
much,4
its,2
enough,2
law,0
blouse,2
maroon,9
truss,6
tr,5
nib,1
chrome,6
scrapbook,0
giro,2
bikini,0
tree,2
latter,0
further,5
instructions,3
consul,0
win,12
panda,3
accident,1
baby,11
bedding,1
synergy,0
windows,1
viral,2
remarks,1
message,10
messenger,0
grow,3
diet,1
head,5
gs,30
left,4
fix,4
monopoly,2
logo,16
dispenser,3
yogi,4
baned,1
means,0
trusted,0
mat,9
search,6
dead,0
warms,1
router,1
elite,3
name,3
trust,1
how,3
visor,8
f,6
windshield,0
classic,0
filed,3
am,14
looking,0
that,6
dusty,0
mustard,1
gram,5
flip,5
bf,1
default,2
bin,0
gift,2
nothing,0
motto,0
try,2
ow,5
samurai,7
sigma,0
phoenix,0
hospital,0
mun,1
rod,0
standby,4
armor,2
sign,4
event,11
booking,10
crack,5
customers,1
remote,7
control,5
dice,0
top,15
nu,2
diamond,7
selector,3
hunting,0
job,4
fancy,8
seizin,1
sent,2
lazy,2
trader,0
figure,1
plate,3
toys,5
exp,19
ejector,0
another,2
accessories,0
more,0
than,0
secrets,0
human,0
shroud,0
tung,0
shandy,8
allocating,4
broken,1
bike,9
mega,14
gel,1
pay,2
sandy,6
ultra,6
stare,1
application,4
extra,5
rider,1
xx,0
garnish,1
polos,8
karate,1
end,2
receiver,2
bag,10
rear,2
side,0
marker,0
fog,1
lamp,3
budget,0
processor,0
edge,2
orange,5
crop,1
date,17
eddy,0
esp,0
yap,8
pet,1
w,4
brag,1
classy,0
over,5
sen,3
shift,2
wallet,6
vouchers,1
swiss,0
inlet,0
clothing,0
hero,1
legend,2
mandolin,1
rule,1
char,0
buy,3
sauna,2
add,0
dunk,6
last,2
suppose,1
arrive,1
march,0
until,9
receiving,0
pampers,6
green,4
advise,4
young,0
cab,3
payment,18
already,10
still,3
this,15
can,5
receive,2
understand,1
worry,0
because,2
commitment,3
talk,2
if,5
then,5
only,8
confirmation,8
give,6
are,3
really,4
helping,1
ask,11
primary,0
issue,1
company,1
asking,1
cancellation,1
mister,1
when,3
start,0
money,2
waiting,4
serious,0
false,0
advertising,0
business,1
tomorrow,2
recorded,0
reference,3
future,0
solve,2
recording,0
polygon,1
display,7
deb,4
switch,6
rules,1
nos,0
noble,0
robin,1
downloads,0
ant,2
god,3
diem,14
assembly,0
label,2
optional,0
queen,0
tally,0
jack,3
sung,0
better,0
shirt,0
ts,4
stop,2
redelivered,0
yum,4
sub,9
springs,0
club,1
overload,4
prose,2
rainbow,0
deluxe,1
made,5
kabuki,1
park,3
marketplace,3
avian,0
epoxy,0
sag,0
lunch,0
pink,15
shoes,4
sticker,5
sprint,0
asap,9
look,0
missing,4
toped,1
nature,2
fish,1
tow,0
buyers,0
um,1
slip,2
blackberry,4
aurora,4
mines,0
stir,2
pig,0
sos,0
cg,0
pop,3
chamber,0
clean,0
cleaner,10
calorie,1
bah,2
modeling,0
origin,11
branded,0
studio,5
remix,0
castle,0
sap,1
dessert,0
tea,1
spoon,1
outlet,1
avoid,1
lolly,0
micro,3
charging,0
scooter,3
nor,3
slogan,1
exist,1
zinnia,1
booth,0
simple,2
minus,3
trace,7
gray,0
fol,1
wow,4
uh,0
fingerprint,1
ix,3
kids,1
joys,1
today,1
jumper,4
import,1
fuck,2
thermal,3
mania,1
see,4
smash,2
outer,17
minim,4
flight,0
dual,2
band,3
scanner,1
key,5
projector,0
poles,0
lag,2
veteran,4
balance,0
lancer,1
lotus,3
qty,3
bread,0
floss,1
toast,0
dry,1
cake,4
whole,0
danish,1
slice,0
cookies,2
beverage,0
meal,0
baker,0
meses,0
golden,0
croissant,0
growth,0
stocker,0
pl,0
cobalt,0
talking,1
hamster,2
sunglass,1
clip,3
statement,4
tanks,10
pad,4
mamas,0
mayday,2
deleted,2
database,0
sandal,5
wedges,1
lotion,2
ajar,5
many,4
kw,1
loch,1
int,1
sec,2
logbook,1
under,2
results,1
sol,3
superfix,0
cutting,4
happy,3
sling,0
pita,0
lamping,0
tom,3
responsive,3
hoax,3
kale,2
sense,0
tad,1
wing,1
nursery,4
operator,11
madman,1
tell,2
police,0
fleecy,0
pruner,0
stores,0
confirmed,2
cordless,0
open,6
days,5
univ,0
microphone,1
hologram,0
forum,6
debit,1
arsenal,3
takes,1
mansion,1
supply,2
toling,15
senna,0
lulu,1
join,1
backup,0
ego,0
basket,3
refill,1
pigeon,0
teens,1
powder,1
alarm,3
caterpillar,1
tan,3
ppm,0
base,1
domain,1
dot,1
net,0
outdoor,1
converse,2
lie,0
map,13
staff,2
massage,1
hugger,1
reception,0
hear,0
profile,3
zone,1
ml,3
newton,0
presto,0
maxim,0
liter,2
helmet,4
grand,6
cluster,5
description,1
tub,0
es,7
ball,6
villa,1
regency,1
resit,0
tracker,5
packet,2
levees,0
client,0
parabola,1
oracle,1
fender,0
modus,6
safari,1
pie,2
tablet,0
yahoo,1
backpack,0
access,0
bros,0
ck,2
slot,1
rocky,0
spa,1
meek,1
oak,0
compound,2
gym,1
roan,0
tummy,1
agent,2
block,2
reminder,0
portal,0
rec,1
front,3
mount,3
rocking,0
sad,0
where,0
riboflavin,1
tape,1
guide,1
guiding,0
he,9
formal,0
vortex,0
since,0
silky,0
repost,1
hark,0
bless,3
nay,0
iris,0
video,0
output,0
arrow,1
bet,2
watch,3
subscribe,0
angel,1
sch,0
tailor,0
handling,2
skate,1
master,2
couture,0
cl,0
repaint,0
dart,0
subsystem,0
en,1
route,0
guys,2
timeout,1
again,5
through,0
official,3
desktop,3
gores,2
kings,0
edit,3
negative,1
yd,0
succulent,1
modal,1
bookstore,7
huh,2
hf,0
bottle,5
detox,0
pouch,0
bi,4
aquarium,1
midi,5
slops,0
transformers,0
mid,1
tripod,4
tank's,0
late,1
hid,1
seriously,0
wasted,0
toner,1
lack,0
ferry,0
trick,0
print,6
stupid,1
choose,0
here,3
within,0
hours,0
reliable,1
responsibility,1
earn,0
asked,0
swot,1
quantity,2
muffler,0
updated,1
camp,0
fake,5
saver,2
bit,0
prose's,0
some,2
shipped,1
sky,0
sane,0
bravo,1
among,0
yea,2
exclusive,1
brown,0
acrylic,0
blazer,0
cup,0
elves,0
lipstick,0
almond,1
potter,2
book,1
answering,1
machine,1
question,1
modulator,1
harbor,0
bay,1
lead,0
purchasing,1
trip,4
batman,2
ks,1
webbing,0
dashboard,1
cycle,1
bate,0
active,0
cure,1
inch,1
activity,0
brain,0
gaga,2
zero,0
fans,0
warm,1
room,8
corolla,0
kick,0
reno,0
trading,3
stocking,0
addressing,1
troublesome,0
panel,0
bates,4
navy,1
tail,0
deny,1
royal,5
nine,0
ling,2
blower,2
wheels,0
bats,0
jogger,0
connect,1
clothes,0
rd,1
road,0
officer,4
processed,3
jugs,1
internal,4
lb,0
apple,2
tile,0
charisma,0
turbo,0
mod,0
daily,0
meat,0
folding,2
ex,0
hon,0
peace,0
workshop,0
board,2
wrap,0
hes,0
mercurial,0
remit,6
coca,0
cola,0
radio,3
cobs,0
lap,7
fiesta,0
amateur,1
pare,1
mores,1
beard,1
gab,1
ash,1
engineering,0
corporate,0
unsatisfied,0
any,0
depot,0
polish,1
corning,0
prime,6
digitizer,0
gorilla,0
nit,0
mg,1
stag,0
chance,0
pp,3
jaw,0
stand,8
race,0
mike,1
trek,0
fork,3
standing,0
poss,1
garden,1
void,0
pus,0
mandala,0
nth,1
mono,0
canon,2
hey,0
redelivery,1
there,1
skateboard,0
maple,0
term,1
condition,0
earl,0
result,4
vibe,0
dept,0
idiom,0
beauty,4
recheck,2
expedition,0
kidding,0
load,2
footwear,0
unlike,0
terminal,2
receives,0
it's,4
halon,0
undelivered,2
have,1
nice,2
vacuum,0
est,9
giant,0
wall,1
clock,0
skipping,0
warren,1
justice,0
league,0
tiling,0
yellow,0
bridge,0
mp,0
rocket,0
mention,2
custom,0
maintenance,0
operational,1
director,1
general,1
audit,0
competitor,0
insert,0
costing,0
cost,0
manager,2
running,1
revise,1
tact,0
buying,0
karma,2
almost,0
hasn't,0
yet,0
supposed,0
changed,0
greatly,0
appreciated,0
location,1
planning,0
performance,0
ordered,0
material,0
bumper,4
mama,4
sweet,2
steel,0
warmest,0
ups,1
light,1
electronic,0
newbie,2
supermarket,0
universal,0
gal,2
xviii,0
iv,0
babel,0
did,1
fault,1
decision,0
keep,1
information,3
possible,0
receptionist,0
payback,0
somerset,1
star,1
high,1
doff,0
folder,2
chinos,0
fen,0
relevant,0
prov,1
alibi,0
combo,3
touch,1
such,0
airport,1
grade,0
capsules,0
salon,0
converter,1
baud,0
scent,0
updating,0
food,1
portable,2
lava,0
bar,2
wrong,1
ship,3
use,0
repair,0
opening,0
tool,0
toolkit,0
yoga,1
garlic,0
well,0
joss,1
dongs,0
second,1
shoppe,0
sequence,0
abs,0
attitude,5
come,0
pleas,0
xix,0
joystick,0
hang,0
ford,1
makeup,0
pilot,0
retro,1
economics,1
managerial,1
edition,1
oblong,0
sot,1
shit,0
sliming,1
fragile,0
dress,2
pain,0
boarding,0
landing,0
village,1
bugs,0
thumbs,0
kilo,1
charge,1
posture,0
magnetic,0
denim,0
tn,0
spirit,0
babes,0
boa,1
allure,0
noticed,0
golf,1
packaging,0
sachet,1
speed,1
omega,1
insulin,0
trail,0
semi,0
gems,2
drone,2
blazing,0
bone,0
ending,0
sound,1
don,1
find,0
hive,0
space,0
crash,0
resin,4
grill,2
mess,0
papa,3
assign,0
serial,0
secret,0
jimmy,2
iron,0
thermostat,2
statue,0
sampan,1
shut,0
skip,1
hyper,2
hamper,0
travel,0
technology,0
delayed,0
breast,2
roof,3
rail,3
pass,5
toilet,1
squishy,0
residence,0
neck,1
success,1
partner,1
maxi,0
lingerie,0
you're,0
carrying,0
procedure,0
shooter,0
situation,0
once,0
thing,0
egg,3
pore,0
armada,0
eagle,0
premier,0
decorator,0
casual,2
deli,0
shops,0
pill,0
highlander,0
sparkle,0
krill,0
morning,0
checking,1
anymore,0
allow,0
destroy,0
feel,0
yesterday,0
refuse,0
seems,0
mistake,0
should,0
always,0
available,0
convenience,0
everywhere,0
world,0
very,3
strict,0
giving,0
intention,0
contacting,0
directly,0
risk,0
avail,0
believe,0
calling,0
known,0
offer,0
things,1
too,0
perform,0
even,0
speak,0
supervisor,0
sending,0
explain,1
times,0
waterproof,0
rock,0
hanger,1
wan,0
fifth,1
harmony,1
venue,1
maestro,0
accord,0
old,1
school,3
eye,0
liner,0
silicon,2
delta,4
flat,1
teddy,1
treadmill,2
chips,1
us,3
variant,0
ice,0
representative,0
bill,6
volt,1
genie,0
submit,0
else,0
has,0
been,3
accepted,0
amount,0
motherboard,0
coal,0
easy,2
storage,0
yaw,0
moon,1
satisfied,0
maria,2
approve,0
anting,0
sonny,0
soccer,0
opus,0
aqua,0
ayah,3
mug,0
guard,0
heater,0
hacker,0
wedding,1
bat,1
natal,0
pencil,1
external,2
ch,1
everest,0
haze,0
cool,0
dad,0
sensor,3
megaphone,0
sofa,2
foreclose,0
script,0
polka,0
shorting,1
zoom,2
telescope,0
factor,1
cos,0
policy,0
hangar,0
pulp,0
roaming,0
welding,1
wireless,2
mis,1
finally,0
pedicure,0
mil,0
maker,1
regard,0
pee,0
medal,0
walkie,0
talkie,0
milky,0
dado,0
dire,0
fund,0
kiwi,0
private,3
spring,0
bed,0
let's,0
indent,1
mineral,0
peeling,0
face,0
foam,1
moment,1
platinum,0
strip,0
jean,1
barracuda,0
pap,0
lite,0
actual,2
essence,0
cheese,0
arum,0
limo,1
shower,0
keg,0
jar,0
delete,0
sang,9
legacy,0
stroller,0
rebook,0
finish,1
lbs,0
amino,0
blank,0
slicer,0
bring,0
cal,0
thread,1
pod,1
zebra,0
stationary,0
bug,0
razer,0
finance,2
samba,2
girls,0
fox,1
holder,1
milk,3
matching,0
items,3
sapphire,0
deposit,1
special,0
surprise,0
ho,0
cart,1
liar,0
transport,1
farm,0
anyway,1
purchase,0
titan,0
sever,0
jade,0
timer,0
sill,1
music,1
piano,1
pumpkin,0
night,0
tenor,0
nut,2
pkt,2
chart,1
morris,0
hair,0
due,3
tho,1
sedan,0
tray,2
patch,0
following,0
upper,0
adjustable,1
knee,1
woe,0
crime,1
acct,0
approved,0
evidence,0
administrator,0
bobby,0
huff,0
yaps,0
puzzle,0
rest,0
superior,0
josh,0
shake,0
sob,0
yank,1
diver,0
brilliant,0
single,0
caper,0
gymnastic,0
fitness,0
worth,0
tower,1
first,0
tote,0
simply,0
disbanding,0
released,0
mixer,0
cartridge,1
brother,0
she,0
era,1
disconnect,0
bushing,0
roaster,0
dispute,0
refunds,0
inter,0
reverse,0
jeep,0
checkout,0
jerry,0
struck,1
mm,1
tachometer,0
arena,1
ride,0
tommy,3
interior,0
shipper,0
wasting,0
advice,0
spot,0
talon,0
bus,1
excellent,0
ditsy,0
window,1
jazz,0
stream,0
multivitamin,0
amp,0
satellite,3
geek,1
sell,1
spiker,1
fear,0
magic,0
greasy,0
initial,0
emergency,0
cashing,0
drum,0
rel,0
walker,0
dateline,1
canter,0
slag,0
supra,0
basil,0
bur,0
din,0
greater,1
said,0
biller,0
ob,0
would,0
two,1
expecting,0
something,0
transferred,0
working,0
allocated,1
timing,0
particular,0
chain,0
coffee,0
pieces,1
crew,1
morgen,0
useless,1
gazebo,0
individual,0
soap,0
transactions,0
pedal,0
fries,0
sud,0
them,0
bison,0
telephone,0
photography,0
daisy,0
amber,0
baa,0
rang,1
instruction,0
lips,1
jihad,0
terse,0
switchblade,0
comb,0
terminate,0
breaker,0
ting,3
familiar,0
ken,0
mantel,0
replacer,0
helpful,0
crown,0
reschedule,2
sunroof,1
biker,0
past,0
violet,0
hardcover,0
notice,0
elmer,0
glue,0
cheat,2
zeta,0
piece,1
sonic,1
dynamic,0
benefit,0
risky,0
fas,0
mickey,0
optimal,0
dropped,0
sealant,0
coating,0
fulfill,0
design,0
weekdays,0
inductive,1
proximity,1
ace,2
nutrient,0
broth,0
panacea,0
tun,1
glad,0
shipping,0
answer,0
picture,0
bub,0
tester,1
tracked,1
impulse,0
princess,0
stuff,0
xi,0
cars,1
port,0
gene,0
options,0
prevention,0
withdrawal,0
miscall,0
wisdom,1
trend,0
sin,0
provost,0
sprinkler,1
bell,0
creed,0
tweed,0
stamina,0
bent,0
kappa,0
helicopter,0
lab,0
nap,0
buffet,0
metro,0
superman,0
honor,1
bob,1
mermaid,0
slop,0
capital,0
aerosol,0
obey,0
harangue,0
slime,0
inbound,0
bee,0
mountain,0
adventure,0
tech,0
champion,0
mensing,0
rehab,1
aroma,0
ion,0
learning,0
joy,0
peasant,0
tatami,0
honestly,0
minoxidil,0
resolved,0
replica,0
jasper,0
mailbox,0
prank,0
module,0
art,0
superb,0
cosmos,0
south,0
freezer,0
flag,0
origami,0
flash,0
heroes,0
singlet,1
kickers,0
nation,1
eta,0
bray,0
paler,0
lams,0
ala,0
door,1
