pesanan,pesanan
nya,nya
ok,ok
yg,yang
pelapak,pelapak
sy,saya
blm,belum
pengiriman,pengiriman
bukalapak,Bukalapak
dikirim,dikirim
tgl,tanggal
sdh,sudah
jne,JNE
tagihan,tagihan
terimakasih,terima kasih
udah,sudah
tp,tapi
ga,tidak
sampe,sampai
gak,tidak
tdk,tidak
sya,saya
gimana,bagaimana
penjual,penjual
barangnya,barangnya
dr,dari
nomer,nomor
png,png
diterima,diterima
bantuannya,bantuannya
pembayaran,pembayaran
pembelian,pembelian
menunggu,menunggu
respon,respons
url,URL
gan,gan
mba,mbak
makasih,terima kasih
ko,kok
soalnya,soalnya
hubungi,hubungi
dgn,dengan
pembeli,pembeli
blum,belum
udh,sudah
tersebut,tersebut
belom,belum
katanya,katanya
brg,barang
klo,kalau
bantuan,bantuan
menerima,menerima
sekali,sekali
melakukan,melakukan
blom,belum
tujuan,tujuan
nunggu,menunggu
menghubungi,menghubungi
sesuai,sesuai
gk,tidak
skrg,sekarang
pake,pakai
utk,untuk
menggunakan,menggunakan
admin,admin
dikembalikan,dikembalikan
dibantu,dibantu
nyampe,sampai
gmn,bagaimana
resinya,resinya
kembalikan,kembalikan
yah,yah
transaksinya,transaksinya
trimakasih,terima kasih
krn,karena
smpai,sampai
sedangkan,sedangkan
dulu,dulu
infonya,infonya
karna,karena
trima,terima
statusnya,statusnya
pelapaknya,pelapaknya
diproses,diproses
secepatnya,secepatnya
knp,kenapa
tpi,tapi
melalui,melalui
bs,bisa
orderan,orderan
gosend,Gosend
ditunggu,ditunggu
jakarta,Jakarta
setelah,setelah
kemaren,kemarin
jpeg,jpeg
dg,dengan
dri,dari
seharusnya,seharusnya
jd,jadi
jawaban,jawaban
ny,nya
terkirim,terkirim
sebelumnya,sebelumnya
jnt,JNT
berarti,berarti
tsb,tersebut
ternyata,ternyata
pengirimannya,pengirimannya
tks,terima kasih
yaa,ya
wib,WIB
harusnya,harusnya
seminggu,seminggu
trus,terus
nmr,nomor
gini,gini
td,tadi
online,online
menurut,menurut
pesenan,pesanan
menanyakan,pesenan
:),:)
dibatalkan,dibatalkan
keterangan,dibatalkan
dimana,keterangan
kiriman,dimana
batalkan,kiriman
pesen,batalkan
tlp,pesen
smpe,sampai
rp,Rp
gitu,begitu
penerima,penerima
sebelum,sebelum
biasanya,biasanya
jpg,jpg
pemesanan,pemesanan
laporan,laporan
berubah,berubah
informasinya,informasinya
gmna,bagaimana
caranya,caranya
brang,barang
terkait,terkait
skrng,sekarang
mengirim,mengirim
terakhir,terakhir
maksudnya,maksudnya
bukadompet,Bukadompet
akulaku,Akulaku
mksh,terima kasih
sebagai,sebagai
dihubungi,dihubungi
kejelasan,kejelasan
pengembalian,pengembalian
smp,sampai
mengenai,mengenai
lakukan,lakukan
pemberitahuan,pemberitahuan
telp,telepon
solusinya,solusinya
mengirimkan,mengirimkan
membatalkan,membatalkan
dicek,dicek
mikha,Mikha
jgn,jangan
feb,Februari 
lanjuti,lanjuti
msh,masih
tlg,tolong
sebentar,sebentar
merasa,merasa
nggak,tidak
sms,SMS
selanjutnya,selanjutnya
terlalu,terlalu
konfirmasinya,konfirmasinya
tertera,tertera
membantu,membantu
thx,terima kasih
dikirimkan,dikirimkan
uangnya,uangnya
pengirim,pengirim
membeli,membeli
brp,berapa
mhn,mohon
rayyan,Rayyan
pelanggan,pelanggan
koq,kok
tiki,tiki
no.transaksi,nomor transaksi
jga,juga
kmrn,kemarin
tertulis,tertulis
tuh,tuh
loh,loh
pembelianmu,pembelianmu
ongkir,ongkir
rabu,Rabu
disini,disini
pembatalan,pembatalan
tanyakan,tanyakan
knpa,kenapa
gw,gue
iyaa,iya
ngga,tidak
memesan,memesan
masalahnya,masalahnya
merespon,merespon
nanya,nanya
pdhl,padahal
kepastian,kepastian
bantuanya,bantuannya
mendapatkan,mendapatkan
sadewa,Sadewa
tq,terima kasih
pelayanan,pelayanan
tangan,tangan
sampainya,sampainya
dibayar,dibayar
surabaya,Surabaya
balasan,balasan
kesalahan,kesalahan
donk,dong
disuruh,disuruh
kemana,kemana
baiklah,baiklah
adora,Adora
tagihannya,tagihannya
trx,transaksi
nyampai,sampai
berbeda,berbeda
tanggapan,tanggapan
lgi,lagi
okee,ok
alasan,alasan
hri,hari
bukalapak.android.png,bukalapak.android.png
expedisi,ekspedisi
berhasil,berhasil
kpn,kapan
dlm,dalam
jawabannya,jawabannya
trs,terus
alamatnya,alamatnya
dateng,datang
direspon,direspon
terjadi,terjadi
cepet,cepat
dilakukan,dilakukan
kurirnya,kurirnya
sm,sama
namanya,namanya
selama,selama
menjadi,menjadi
penjualnya,penjualnya
berupa,berupa
dirumah,dirumah
iyah,iya
offline,offline
secara,secara
dananya,dananya
indomaret,Indomaret
bgt,banget
memberikan,memberikan
dicancel,dibatalkan
berikut,berikut
lom,belum
mendapat,mendapatkan
org,orang
sekitar,sekitar
bsa,bisa
knapa,kenapa
meminta,meminta
responnya,responsnya
ksh,kasih
semoga,semoga
kedua,kedua
brng,barang
sdah,sudah
ditindak,ditindak
membayar,membayar
prosesnya,prosesnya
batalin,batalkan
silahkan,silahkan
penjelasan,penjelasan
pengecekan,pengecekan
mbk,mbak
jawa,Jawa
no.resi,nomor resi
jl,jalan
ngak,tidak
rina,Rina
rw,RW
paketan,paketan
dtg,datang
ngirim,mengirim
gimna,bagaimana
lho,loh
memakai,memakai
gunakan,gunakan
paketnya,paketnya
sepertinya,sepertinya
dibalas,dibalas
percepat,percepat
bener,benar
klu,kalau
kmren,kemarin
mengecewakan,mengecewakan
bekasi,bekasi
berikan,berikan
dirugikan,dirugikan
diantar,diantar
penipuan,penipuan
layanan,layanan
penerimaan,penerimaan
bca,bca
ane,saya
dapet,dapat
perubahan,perubahan
pengganti,pengganti
tdi,tadi
notif,notifikasi
sameday,Sameday
kelamaan,kelamaan
mengapa,mengapa
lainnya,lainnya
aj,saja
aq,aku
tlong,tolong
kirimkan,kirimkan
okey,ok
dikarenakan,dikarenakan
tangerang,Tangerang
diberikan,diberikan
nerima,terima
kk,kakak
trmksh,terima kasih
dh,sudah
kabarnya,kabarnya
pesanannya,pesanannya
samapai,sampai
sudh,sudah
diatas,diatas
setiap,setiap
konfirm,konfirmasi
bsk,besok
apapun,apapun
pertanyaan,pertanyaan
krm,kirim
bermasalah,bermasalah
klw,kalau
kirimnya,kirimnya
memilih,memilih
jualan,jualan
penjelasannya,penjelasannya
gmana,bagaimana
balikin,kembalikan
pdhal,padahal
mhon,mohon
engga,tidak
tggu,tunggu
kelanjutan,kelanjutan
skr,sekarang
nyampek,sampai
pke,pakai
krna,karena
fitur,fitur
sma,sama
mencari,mencari
makasi,terima kasih
dipercepat,dipercepat
hubungin,hubungi
jdi,jadi
dikonfirmasi,dikonfirmasi
percuma,percuma
skarang,sekarang
gx,tidak
secepat,secepat
diambil,diambil
tu,itu
sifatnya,sifatnya
batam,Batam
ud,sudah
sicepat,Sicepat
drivernya,driver-nya
dn,dananya
gtu,begitu
bgmn,bagaimana
sblm,sebelum
kecamatan,kecamatan
trm,terima
mksih,terima kasih
sebenarnya,sebenarnya
pesana,pesana
disitu,disitu
pilihan,pilihan
dmn,dimana
diteruskan,diteruskan
komplen,komplain
emailnya,emailnya
iy,iya
no.tagihan,nomor tagihan
mnta,minta
dikasih,dikasih
infokan,infokan
kmrin,kemarin
dipakai,dipakai
diganti,diganti
ditindaklanjuti,ditindaklanjuti
baiknya,baiknya
sebesar,sebesar
mulu,terus-menerus
samapi,sampai
mna,mana
mengalami,mengalami
mw,mau
. .,. .
bertanggung,bertanggung
bertanya,bertanya
dibukalapak,di Bukalapak
bri,BRI
jm,jam
rmh,rumah
bukalapak.com,bukalapak.com
artinya,artinya
keluhan,keluhan
kmaren,kemarin
waktunya,waktunya
sampaikan,sampaikan
spt,seperti
bisakah,bisakah
dibuka,dibuka
perkembangan,perkembangan
menyatakan,menyatakan
memberi,memberi
permasalahan,permasalahan
tindakan,tindakan
skrang,sekarang
nyasar,tersesat
alfamart,Alfamart
ditransfer,ditransfer
bernama,bernama
tf,transfer
terdekat,terdekat
mengambil,mengambil
yaaa,ya
berada,berada
membalas,membalas
grabnya,Grab-nya
kerjasamanya,kejelasannya
dkirim,dikirim
lbh,lebih
dlu,dulu
pencairan,pencarian
bkn,bukan
semarang,Semarang
sj,saja
dilacak,dilacak
ribet,repot
pembayarannya,pembayarannya
diminta,diminta
masukan,masukan
mlm,malam
lwt,lewat
penjualan,penjualan
ekspedisinya,ekspedisinya
mengajukan,mengajukan
dijawab,dijawab
telfon,telfon
merugikan,merugikan
brgnya,barangnya
tokonya,tokonya
terlanjur,terlanjur
kendalanya,kendalanya
klau,kalau
kmarin,kemarin
mengatakan,mengatakan
membuat,membuat
byr,bayar
masi,masi
mengkonfirmasi,mengkonfirmasi
kelanjutannya,kelanjutannya
membutuhkan,membutuhkan
msih,masih
psanan,pesanan
melihat,melihat
pngiriman,pengiriman
dibaca,dibaca
digunakan,digunakan
dl,dulu
lanjutnya,lanjutnya
sehari,sehari
informasikan,informasikan
semalam,semalam
ngk,tidak
tetep,tetap
ditemukan,ditemukan
tlng,tolong
kejadian,kejadian
tranfer,transfer
skg,sekarang
mengecek,mengecek
ohh,oh
ditentukan,ditentukan
kec,kec
melewati,melewati
sekrang,sekarang
terdaftar,terdaftar
dilihat,dilihat
:(,:(
mengganti,mengganti
trf,transfer
carikan,carikan
berdasarkan,berdasarkan
mencoba,mencoba
penerimanya,penerimanya
dicarikan,dicarikan
menjawab,menjawab
kesepakatan,kesepakatan
takutnya,takutnya
nmor,nomor
jadinya,jadinya
kejelasannya,kejelasannya
memuaskan,memuaskan
tlpn,telepon
jwb,jawab
ttp,tutup
sekian,sekian
cantumkan,cantumkan
jln,jalan
wktu,waktu
mengerti,mengerti
pesananku,pesanan ku
bni,BNI
melebihi,melebihi
nnti,nanti
dtng,datang
hasilnya,hasilnya
okeh,ok
jkt,Jakarta
perkiraan,perkiraan
e-mail,e-mail
bls,balas
selesaikan,selesaikan
gmail,Gmail
gpp,tidak apa-apa
bukabantuan,Bukabantuan
brapa,berapa
dikirm,dikirim
ndak,tidak
ato,atau
terhadap,terhadap
cb,coba
sd,sampai dengan
yth,yth
misalkan,misalkan
pengen,pengen
kog,kok
penyelesaian,penyelesaian
ngerti,mengerti
berkali,berkali
tulisan,tulisan
lapaknya,lapaknya
menyelesaikan,menyelesaikan
pdahal,padahal
cashback,cashback
ekpedisi,berharap
berharap,berharap
satunya,satunya
terimaksih,sebelah
sebelah,sebelah
depok,memberi
ngasih,Bukalapak-nya
bukalapaknya,diselesaikan
diselesaikan,diselesaikan
distatus,distatus
cpt,diangkat
diangkat,diangkat
akhirnya,akhirnya
penipu,penipu
slmt,selamat
keterlambatan,keterlambatan
kerumah,kerumah
handphone,handphone
kadaluarsa,kedaluwarsa
melaporkan,melaporkan
go-send,Gosend
mb,mbak
aduh,aduh
rugikan,rugikan
cairkan,cairkan
kaka,kakak
keterima,keterima
nmer,nomor
atw,atau
bali,Bali
trnsaksi,transaksi
terbaru,terbaru
kesulitan,kesulitan
estimasinya,estimasinya
selaku,selaku
terlebih,terlebih
senilai,senilai
yaudah,ya sudah
catatan,catatan
dng,dong
ngecek,periksa
inbox,inbox
sampi,sampai
nyatanya,nyatanya
blg,bilang
tdak,tidak
tnya,tanya
kredivo,Kredivo
indomart,Indomart
tercantum,tercantum
nga,tidak
bukannya,bukannya
kpan,kapan
dp,DP
memproses,memproses
laen,lain
ditempat,ditempat
ttg,tentang
mengembalikan,mengembalikan
semuanya,semuanya
kemungkinan,kemungkinan
internet,internet
pelayanannya,pelayanannya
setatus,status
sellernya,seller-nya
dibawa,dibawa
okk,ok
kepencet,kepencet
bgtu,begitu
samsung,Samsung
mkasih,terima kasih
janjinya,janjinya
misalnya,misalnya
menemukan,menemukan
ap,apa
berbelanja,berbelanja
mslh,masalah
kepelapak,ke pelapak
bpk,bapak
bagian,bagian
yh,yah
jum'at,jumat
kbr,kabar
sayah,saya
ats,atas
dinyatakan,dinyatakan
silakan,silakan
terimah,terima
kab,kabupaten
keterangannya,keterangannya
ditanggapi,ditanggapi
terputus,terputus
dituju,dituju
perbaiki,perbaiki
tentukan,tentukan
kpd,kepada
pencarian,pencarian
datangnya,datangnya
perhatiannya,perhatiannya
brarti,berarti
chek,check
bilangnya,bilangnya
iyaaa,iya
komfirmasi,konfirmasi
bgm,bagaimana
kalinya,kalinya
lunasi,lunasi
menerimanya,menerimanya
dipesan,dipesan
atm,ATM
kebetulan,kebetulan
ukuran,ukuran
diorder,diorder
kenyataannya,kenyataannya
konfirmasikan,konfirmasikan
jawabnya,jawabnya
bsok,besok
siapp,siap
debora,Debora
gojeknya,gojeknya
mesen,mesen
ne,ne
ng,ng
perhatian,perhatian
app,app
pengaduan,pengaduan
lgsg,langsung
termasuk,termasuk
confirmasi,konfirmasi
terkonfirmasi,terkonfirmasi
ajah,saja
ditolak,ditolak
pcs,pcs
butuhkan,butuhkan
tertahan,tertahan
sbg,sebagai
mengetahui,mengetahui
terhitung,terhitung
kerjasama,kerjasama
direfund,di-refund
tnggu,tunggu
bru,baru
kaga,tidak
alamt,alamat
chatnya,chat-nya
dibilang,dibilang
tmpt,tempat
slamat,selamat
permintaan,permintaan
:d,:d
hrus,harus
ditulis,ditulis
dibales,dibalas
br,baru
gabisa,tidak bisa
intinya,intinya
pengirimnya,pengirimnya
dichat,di-chat
sebulan,sebulan
teruskan,teruskan
pengirimanya,pengirimannya
merubah,merubah
bbrp,beberapa
disimpan,disimpan
sampay,sampai
seandainya,seandainya
temukan,temukan
dibutuhkan,dibutuhkan
untk,untuk
disana,disana
laporkan,laporkan
laporannya,laporannya
acc,acc
nomornya,nomornya
memasukkan,memasukkan
screenshot,screenshot
gimn,bagaimana
menginformasikan,menginformasikan
lucas,Lucas
mengingat,mengingat
disampaikan,disampaikan
tersedia,tersedia
kepercayaan,kepercayaan
wkt,waktu
redmi,Redmi
msk,masuk
soalny,soalnya
kebijakan,kebijakan
kyk,seperti
xpress,express
bagaimna,bagaimana
ja,ya
ksih,kasih
menuju,menuju
diinfokan,diinfokan
dicairkan,dicairkan
pedagang,pedagang
maap,maaf
cirebon,Cirebon
trimakasi,terima kasih
sekalian,sekalian
maksih,terima kasih
urusan,urusan
dibatalin,dibatalkan
mempercepat,mempercepat
haloo,hai
expres,express
dipake,dipakai
tv,TV
memiliki,memiliki
nie,nih
dijanjikan,dijanjikan
tahapan,tahapan
jelaskan,jelaskan
mksdnya,maksudnya
mengantar,mengantar
masukin,memasukkan
menelpon,menelepon
ketentuan,ketentuan
bersangkutan,bersangkutan
kesini,kesini
aceh,Aceh
ajukan,ajukan
wilian,Wilian
adanya,adanya
tulisannya,tulisannya
lcd,LCD
skali,sekali
ordernya,ordernya
nympe,sampai
nipu,menipu
owh,oh
seharga,seharga
dipickup,diambil
dipelapak,di pelapak
memasukan,memasukan
mmg,memang
makassar,Makassar
okeee,ok
xl,XL
lma,lama
diluar,diluar
tlpon,telepon
pesannya,pesannya
dibalikin,dibalikan
apr,apr
nyangkut,tersangkut
ktnya,katanya
emng,memang
lu,lu
ilang,hilang
ngapain,buat apa
berikutnya,berikutnya
dikrim,dikrim
pokoknya,pokoknya
ditanya,ditanya
penanganan,penaganan
tgu,tunggu
kira-kira,kira-kira
merk,merek
bertransaksi,bertransaksi
ntar,nanti
ataupun,ataupun
melacak,melacak
lampirkan,lampirkan
tidk,tidak
denpasar,Denpasar
seharus,seharus
pulsanya,pulsanya
nggk,tidak
harganya,harganya
berulang,berulang
perjalanan,perjalanan
kabari,kabari
xiaomi,Xiaomi
keberadaan,keberadaan
tokopedia,Tokopedia
mn,mana
sdg,sedang
stts,status
bpjs,BPJS
alasannya,alasannya
pembeliannya,pembeliannya
tanggapannya,tanggapannya
tambahan,tambahan
setuju,setuju
barng,barang
gangguan,gangguan
february,Februari
bnyk,banyak
bayarkan,bayarkan
ngomong,bicara
perjanjian,perjanjian
bosku,bosku
tggl,tanggal
kayaknya,sepertinya
malem,malam
tujuannya,tujuannya
aturan,aturan
kmi,kami
aduan,aduan
gg,tidak
terlambat,terlambat
buktinya,buktinya
mencantumkan,mencantumkan
bukunya,bukunya
yach,yah
mf,maaf
asus,Asus
bg,bagi
masukkan,masukkan
bln,bulan
febuari,Februari
berusaha,berusaha
dirubah,dirubah
samanya,samanya
diberi,diberi
bli,beli
pesananan,pesanan
sidoarjo,Sidoarjo
ktanya,katanya
struk,resi
sist,mbak
pkl,pkl
sayaa,saya
nomernya,nomornya
ditahan,ditahan
tranksaksi,transaksi
digudang,digudang
dikirimnya,dikirimnya
byar,bayar
terlacak,terlacak
kelurahan,kelurahan
kesaya,kesaya
mengantarkan,mengantarkan
dkrm,dikirim
bekerja,berkerja
trimaksih,terima kasih
menanggapi,menanggapi
ahmad,Ahmad
ongkirnya,ongkirnya
serumah,serumah
ooo,oh
sipelapak,si pelapak
slalu,selalu
lazada,Lazada
:p,:p
janjikan,janjikan
dibayarkan,dibayarkan
pertanggung,pertanggung
nyaa,nya
dimasukkan,dimasukkan
nanyain,menanyakan
pemesan,pemesan
pemilik,pemilik
banten,Banten
menulis,menulis
penyelesaiannya,penyelesaiannya
dikatakan,dikatakan
hehe,hehe
nyari,mencari
pekanbaru,Pekan Baru
harapan,harapan
penggantian,penggantian
alihkan,alihkan
kehilangan,kehilangan
tk,tidak
deket,dekat
sperti,seperti
pengantaran,pengantaran
pastikan,pastikan
kmbali,kembali
rasakan,rasakan
rb,ribu
awalnya,awalnya
sebaiknya,sebaiknya
diperbaiki,diperbaiki
screenshoot,screenshot
kabarin,kabari
segini,segini
sttus,status
menjelaskan,menjelaskan
pembelinya,pembelinya
telkomsel,Telkomsel
belm,belum
nungguin,menunggu
seharian,seharian
blanja,belanja
brpa,berapa
nh,nih
terpotong,terpotong
nunggunya,menunggunya
konfir,konfirmasi
ajh,saja
ketempat,ketempat
tindaklanjuti,tindaklanjuti
transakasi,transaksi
bergerak,bergerak
menyampaikan,menyampaikan
pelaporan,pelaporan
kepastiannya,kepastiannya
nyampenya,sampainya
ket,ket
tny,tanya
mnt,minta
pengalaman,pengalaman
dilapak,dilapak
ybs,ybs
xiomi,Xiaomi
menolak,menolak
nelpon,menelepon
kq,kok
transksi,transaksi
menjual,menjual
diemail,diemail
honda,Honda
keadaan,keadaan
traking,tracking
sprti,seperti
mksd,maksud
byk,banyak
emg,memang
almt,alamat
pengantar,pengantar
sampenya,sampainya
msuk,masuk
lngsung,langsung
chatt,chat
pakek,pakai
meskipun,meskipun
brrti,berarti
kenyataan,kenyataan
mengubah,mengubah
jt,juta
oya,oh iya
smua,semua
yng,yang
diupdate,di-update
anter,antar
oo,oh
nambah,bertambah
barangny,barangnya
tg,tg
smpi,sampai
terimakasi,terima kasih
ngambil,mengambil
iphone,Iphone
tnggl,tinggal
bersama,bersama
memantau,memantau
sblmnya,sebelumnya
diaplikasi,diaplikasi
dijakarta,di Jakarta
ucapkan,ucapkan
terbayar,terbayar
tai,tahi
tanggapi,tanggapi
kalu,kalau
mestinya,mestinya
stlh,setelah
dki,DKI
sony,Sony
dikantor,dikantor
kedatangan,kedatangan
traksaksi,transaksi
nantinya,nantinya
usahakan,usahakan
karawang,Karawang
katy,katy
nom,nomornya
kel,kel
co.id,co.id
dmna,di mana
kompirmasi,komfirmasi
bgaimana,bagaimana
berlaku,berlaku
jnenya,JNE-nya
bgini,begini
keburu,keburu
bnyak,banyak
ditujuan,ditujuan
ditanyakan,ditanyakan
ktp,KTP
yahh,yah
cmn,cuman
patokan,patokan
dimaksud,dimaksud
balesan,balasan
ditangani,ditangani
dibuat,dibuat
bukankah,bukankah
terselesaikan,terselesaikan
dihari,di hari
sbntr,sebentar
kirm,kirim
nomr,nomor
pergantian,pergantian
lha,lha
pengguna,pengguna
belun,belum
google,google
dibeli,dibeli
sebuah,sebuah
brangnya,barangnya
refound,refund
mencairkan,mencairkan
langganan,langganan
cimb,CIMB
kerugian,kerugian
olshop,online shop
stelah,setelah
jb,jb
pengecekannya,pengecekannya
tungu,tunggu
nyah,nya
sgt,sangat
palembang,Palembang
dngn,dengan
akalan,akalan
dapatkan,dapatkan
dtang,datang
menipu,menipu
kp,kp
kluar,keluar
bgitu,begitu
adakah,adakah
tanggerang,Tangerang
bntar,sebentar
terimkasih,terima kasih
sulawesi,Sulawesi
seberapa,seberapa
jls,jelas
isinya,isinya
sarankan,sarankan
ceklis,centang
jogja,Jogja
cust,customer
terhubung,terhubung
gosendnya,Gosend-nya
terkendala,terkendala
memastikan,memastikan
almat,alamat
mlh,malah
tanyain,tanyakan
lanjutan,lanjutan
dkrim,dikirm
sampai-sampai,sampai-sampai
sejumlah,sejumlah
dicantumkan,dicantumkan
m-transfer,m-transfer
cilegon,Cilegon
tulungagung,Tulungagung
gamau,tidak mau
ngirimnya,kirimnya
dianggap,dianggap
berati,berati
itikad,niat
psn,pesan
maunya,maunya
sekedar,sekadar
kirain,mengira
haduh,duh
pesanana,pesanan
temen,teman
petunjuk,petunjuk
msalah,masalah
pket,paket
kenpa,kenapa
tangal,tanggal
lanjutin,lanjutkan
pergerakan,pergerakan
beserta,beserta
diperpanjang,diperpanjang
cicilan,cicilan
akn,akan
chating,chating
tida,tidak mau
perusahaan,perusahaan
setengah,setengah
hpnya,HP-nya
pesananya,pesananya
tangani,tangani
kerjaan,kerjaan
mengcancel,membatalkan
apaan,apaan
dikenal,dikenal
expedisinya,ekspedisinya
malahan,malahan
az,saja
transfernya,transfernya
pc,PC
idr,IDR
diinformasikan,diinformasikan
teguran,teguran
mengganggu,mengganggu
kiranya,kiranya
tksh,terima kasih
responya,responnya
ditracking,di-tracking
melanjutkan,melanjutkan
petugas,petugas
hnya,hnya
kasian,kasian
terpaksa,terpaksa
aplikasinya,aplikasinya
jaminan,jaminan
agan,agan
taunya,taunya
perhatikan,perhatikan
nyesel,menyesal
berhubung,berhubung
diubah,diubah
sby,Surabaya
kedepannya,kedepannya
gi,gi
berkomunikasi,berkomunikasi
hbungi,hubungi
lenovo,Lenovo
orng,orang
feedbacknya,feedback-nya
harinya,harinya
cxl,CXL
banjarmasin,Banjarmasin
ditipu,ditipu
ditrima,diterima
tanggungjwb,tanggung jawab
ak,aku
telusuri,telusuri
memenuhi,memenuhi
ouh,oh
mainan,mainan
diretur,diretur
mengisi,mengisi
cansel,cancel
jawabanya,jawabannya
hehehe,hehe
sbntar,sebentar
dilanjutkan,dilanjutkan
cma,cuma
pastinya,pastinya
plapak,pelapak
perbaikan,perbaikan
duluan,terlebih dahulu
php,php
pnjual,penjual
tertipu,tertipu
semalem,semalam
beritahu,beri tahu
belinya,belinya
tx,terima kasih
memberitahukan,memberitahukan
duitnya,duitnya
kalimantan,Kalimantan
terlihat,terlihat
ryan,Ryan
dilaporkan,dilaporkan
bayarnya,bayarnya
mengunggah,mengunggah
kedepan,kedepan
terupdate,ter-update
yess,yes
sandhya,Sandhya
tabungan,tabungan
blnja,belanja
al,al
mnunggu,menunggu
nyambung,menyambung
perlukan,perlukan
zenfone,Zenfone
pencerahannya,pencerahannya
kepuasan,kepuasan
sja,saja
ditambah,ditambah
anehnya,anehnya
tlf,telepon
sbb,sebab
meng,meng
kecewakan,kecewakan
bntuan,bantuan
mendingan,mendingan
bukalapk,Bukalapak
lbih,lebih
pencerahan,pencerahan
melainkan,melainkan
kekurangan,kekurangan
belim,belum
orangnya,orangnya
ngetik,mengetik
cancle,cancel
kesana,kesana
selanjut,selanjut
pesann,pesan
tnggal,tinggal
sata,sata
bgmna,bagaimana
meneruskan,meneruskan
btw,btw
sekiranya,sekiranya
kirimannya,kirimannya
kebayoran,Kebayoran
iyh,iya
kox,kok
bgni,begini
bisaa,bisa
kodenya,kodenya
sebanyak,sebanyak
dialihkan,dialihkan
ditangan,ditangan
datanya,datanya
nma,nama
sebenernya,sebenarnya
ta,ta
berkali-kali,berkali-kali
mbaa,mbak
membuka,membuka
dpat,dapat
sekrng,sekarang
bersedia,bersedia
nokia,Nokia
diusahakan,diusahakan
kirimin,kirimkan
maksutnya,maksudnya
sesama,sesama
menyuruh,menyuruh
katakan,katakan
sumatera,Sumatera
dijelaskan,dijelaskan
terpercaya,terpercaya
diketerangan,di keterangan
inj,ini
dterima,diterima
prihal,perihal
trimaksh,terima kasih
revan,Revan
tgal,tanggal
ituh,itu
mao,mau
oiya,oh iya
masuknya,masuknya
semakin,semakin
hmm,hmm
dibekukan,dibekukan
se,se
trma,terima
okelah,okelah
apanya,apanya
maen,main
mslah,masalah
updatenya,update-nya
halooo,hai
jk,jk
syaa,saya
kepihak,kepihak
bnr,benar
mentransfer,men-transfer
peringatan,peringatan
percakapan,percakapan
gunanya,gunanya
menekan,menekan
dimulai,dimulai
transper,transfer
doank,saja
disebutkan,disebutkan
terbaik,terbaik
sdgkan,sedangkan
dimna,di mana
setatusnya,statusnya
menginput,meng-input
timbangan,timbangan
berstatus,berstatus
jwbn,jawaban
tansaksi,transaksi
indo,Indonesia
perbedaan,perbedaan
sekarng,sekarang
dikasi,dikasi
dialamat,dialamat
dicari,dicari
brngnya,barangnya
sejauh,sejauh
balikpapan,Balikpapan
trackingnya,tracking-nya
pebruari,Februari
dteng,datang
dipick,di-pick
diinfo,diinfo
kenyamanan,kenyamanan
berwajib,berwajib
kealamat,kealamat
mnerima,menerima
slh,salah
ketiga,ketiga
teransaksi,transaksi
riau,Riau
dianter,diantar
indramayu,Indramayu
tertanggal,tertanggal
bukalapakcom,bukalapak.com
ber,ber
bersamaan,bersamaan
cikarang,Cikarang
dibandung,dibandung
komplin,komplain
gosen,Gosend
kya,kaya
grogol,Grogol
sensi,sensitif
ntr,nanti
barangku,barangku
nggu,menunggu
barangya,barangnya
diinput,di-input
sistemnya,sistemnya
lgs,langsung
ma'af,maaf
dihubungkan,dihubungkan
thanx,terima kasih
google.android.gm.png,google.android.gm.png
batasnya,batasnya
melayani,melayani
penyedia,penyedia
kediri,kediri
giman,giman
terbaca,terbaca
besoknya,besoknya
terdapat,terdapat
dipastikan,dipastikan
kntor,kantor
bnget,banget
menghubungin,menghubungi
reai,reai
aksesoris,aksesoris
posnya,posnya
nulis,menulis
iti,iu
menindak,menindak
trnyata,ternyata
trsebut,tersebut
kroscek,periksa
smpek,sampai
jambi,Jambi
menginfokan,menginfokan
nb,NB
permasalahannya,permasalahannya
hrsnya,harusnya
penggantinya,penggantinya
beritanya,beritanya
nyatakan,nyatakan
segitu,sebegitu
mengunakan,menggunakan
trimah,terima
terlampir,terlampir
btuh,butuh
hmpir,hampir
sgera,segera
ckp,cukup
tercancel,ter-cancel
vario,Vario
hendra,Hendra
merepotkan,merepotkan
ss,SS
dproses,diproses
prosedurnya,prosedurnya
dll,dll
sepihak,sepihak
fu,fu
pembyaran,pembayaran
yasudah,ya sudah
aktip,aktif
hmmm,hmm
bh,bh
ditelpon,ditelpon
mlah,mlah
soalx,soalnya
ngawur,keliru
woi,woi
mslhnya,masalahnya
sayaaaaa,saya
sdangkan,sedangkan
facebook,Facebook
tindaklanjutnya,tindaklanjutnya
sisanya,sisanya
tertukar,tertukar
ekpedisinya,ekspedisinya
apakh,apakah
dy,dia
trasaksi,transaksi
hbgi,hubungi
historinya,historinya
menunda,menunda
powerbank,powerbank
membaca,membaca
nungu,menunggu
bakalan,bakalan
pemberitahuannya,pemberitahuannya
lwat,lewat
pkai,pakai
pengambilan,pengambilan
eka,eka
posisinya,posisinya
komplek,kompleks
yaah,yah
satupun,satupun
tasikmalaya,Tasikmalaya
pembatalannya,pembatalannya
katax,katanya
trimksh,terima kasih
sehubungan,sehubungan
gaada,tidak ada
mengingatkan,mengingatkan
keperluan,keperluan
inv,inv
thks,terima kasih
karenakan,karenakan
pda,pada
katany,katanya
kebon,kebon
wahananya,wahananya
tpat,tepat
lm,lm
barabg,barang
terserah,terserah
dikota,dikota
lahh,lah
nich,nih
trimkasih,terima kasih
gmnaa,bagaimana
dipilih,dipilih
menunggunya,menunggunya
bngt,banget
blon,belum
utami,Utami
kurniawan,Kurniawan
sudahlah,sudahlah
coz,karena
oky,ok
jaktim,Jakarta Timur
dihub,tolong
krnapa,dihubungi
dimasukan,kenapa
bagimana,dimasukan
tetima,bagaimana
vape,terima
menghubunginya,menghubunginya
imel,email
lagii,lagii
mnghubungi,menghubungi
siip,ok
terhormat,terhormat
ulasan,ulasan
mengaku,mengaku
penulisan,penulisan
skli,sekali
spakbor,spakbor
sesegera,sesegera
mempunyai,mempunyai
nomot,nomor
oklah,ok lah
keuntungan,keuntungan
followup,followup
mengklik,mengklik
kta,kita
nti,nanti
mksi,terima kasih
tunngu,tunggu
merupakan,merupakan
transferan,transferan
bhw,bahwa
prnah,pernah
bilangin,bilangkan
keputusan,keputusan
etimasi,estimasi
engk,tidak ada
bner,benar
tggal,tinggal
allah,Allah
berkata,berkata
dtunggu,ditunggu
akhiri,akhiri
nganter,mengantar
kirimjt,kirimjt
trjadi,terjadi
gnti,ganti
lsg,langsung
sla,sla
dngan,dengan
stiap,setiap
jng,jangan
ketipu,ketipu
milih,memilih
bntr,sebentar
nego,nego
banyuwangi,Banyuwangi
dropship,dropship
xray,X-ray
kembaliin,kembalikan
tmpat,tempat
melampirkan,melampirkan
krena,karena
drmh,di rumah
fto,foto
untungterus,untungterus
tertunda,tertunda
tsbt,tersebut
manado,Manado
bund,bund
ntah,ntah
difollow,di-follow
du,du
satria,Satria
boz,bos
ultah,ulang tahun
nominalnya,nominalnya
cz,karena
historynya,historinya
voucer,voucher
terdeteksi,terdeteksi
imail,email
segerakan,segerakan
hny,hanya
orderannya,orderannya
harii,harii
lanjutkan,lanjutkan
memungkinkan,memungkinkan
koko,koko
dsni,di sini
ofline,offline
aket,aket
tadinya,tadinya
dijemput,dijemput
giliran,giliran
ruko,ruko
diperlukan,diperlukan
inginkan,inginkan
sempet,sempat
pontianak,Ponitanak
yamaha,Yamaha
dikabari,dikabari
diperhatikan,diperhatikan
ketangan,ketangan
pengajuan,pengajuan
makannya,makannya
jngan,jangan
dwi,Dwi
pekerjaan,pekerjaan
tri,Tri
melapor,melapor
terkesan,terkesan
yha,ya
smoga,semoga
cepatnya,cepatnya
antarkan,antarkan
menjanjikan,menjanjikan
maf,maaf
menyarankan,menyarankan
jutaan,jutaan
serpong,Serpong
saia,saya
sukabumi,Sukabumi
bhwa,bahwa
menangani,menangani
dimohon,dimohon
psan,pesan
pesnan,pesanan
semestinya,semestinya
po,PO
inih,ini
exspedisi,ekspedisi
ciamis,Ciamis
tergantung,tergantung
menelfon,menelepon
tlfn,telepon
mengonfirmasi,mengonfirmasi
aktf,aktif
kmn,ke mana
menggantung,menggantung
pengirimanx,pengirimannya
maslah,maslah
padhal,padahal
pengriman,pengriman
ajj,saja
xa,xa
cencel,cancel
semisal,semisal
memakan,memakan
berhari,berhari
kesediaan,kesediaan
perpanjang,perpanjang
jangankan,jangankan
apk,apk
menjaga,menjaga
penjelasanya,penjelasannya
yag,yang
terbuang,terbuang
mimin,admin
bosqu,bosku
dtggu,ditunggu
dihubungin,dihubungi
sampai.tapi,sampai tapi
purwakarta,Purwakarta
berhenti,berhenti
peraturan,peraturan
sllu,selalu
trasfer,transfer
barangx,barangnya
dimn,di mana
beneran,benar
menjemput,menjemput
doraemon,Doraemon
jan,jan
cole,cole
menyesal,menyesal
berjualan,berjualan
nike,Nike
yaaaa,ya
dengn,dengan
dibebankan,dibebankan
menindaklanjuti,menindaklanjuti
potongan,potongan
ohhh,oh
mnggu,menunggu
custumer,customer
aaya,saya
mh,mah
pling,paling
diantarkan,diantarkan
mohom,mohon
oce,ok
tercepat,tercepat
tampilan,tampilan
muhamad,Muhamad
smntara,sementara
kemajuan,kemajuan
mlakukan,melakukan
butuhnya,butuhnya
bantuanny,bantuannya
pengertian,pengertian
nnt,nanti
berniat,berniat
sunter,Sunter
bersabar,bersabar
halloo,hai
berjalan,berjalan
kbrnya,kabarnya
dkembalikan,dikembalikan
whatsapp.png,whatsapp.png
perjelas,perjelas
sngat,sangat
palapak,pelapak
serahkan,serahkan
mksudnya,maksudnya
rincian,rincian
mgkn,mungkin
kayanya,kayanya
prnh,pernah
trimksih,terima kasih
baramg,barang
mngirim,mengirim
beragam,beragam
krj,kerja
sebetulnya,sebetulnya
menuliskan,menuliskan
soale,soalnya
berbohong,berbohong
mendesak,mendesak
nagih,menagih
gmnh,bagaimana
saldonya,saldonya
dibalikan,dibalikan
gann,agan
dm,dm
gatau,tidak tahu
tgg,tunggu
dibawah,dibawah
lampiran,lampiran
menayakan,menanyakan
gha,tidak tahu
psnan,pesanan
kelewat,kelewat
ketahui,ketahui
terulang,terulang
eko,Eko
bp.yusup,bapak Yusup
nda,tidak
berhak,berhak
jugaa,juga
blz,balas
sigra,sigra
penolakan,penolakan
panggilan,panggilan
jawaban'a,jawabannya
layanin,layani
admi,admin
usb,USB
sejenis,sejenis
smlm,semalam
sp,siapa
kalaw,kalau
melengkapi,melengkapi
tanggungjawab,tanggung jawab
konfrmasi,konfirmasi
melalu,melalu
sanpai,sampai
pelanggaran,pelanggaran
ditoko,ditoko
terim,terim
menghilang,menghilang
antrian,antrian
kaa,kak
dikrm,dikirim
respin,respon
tolonglah,tolonglah
mio,Mio
balasannya,balasannya
saaya,saya
faham,paham
instagram,Instagram
dikarnakan,dikarenakan
perkembangannya,perkembangannya
psenan,pesanan
layanannya,layanannya
hadeh,duh
kbar,kabarnya
lengkapi,lengkapi
disaya,disaya
biayanya,biayanya
mojokerto,Mojokerto
hrusnya,harusnya
seakan,seakan
ckup,cukup
menambah,menambah
cba,coba
pantesan,pantas saja
dsini,di sini
ditutup,ditutup
selsai,selesai
jwban,jawaban
berkurang,berkurang
jaksel,Jakarta Selatan
kecepatan,kecepatan
trakhir,terakhir
penjemputan,penjemputan
refundnya,refund-nya
cancelled,canceled
evercoss,evercross
menunjukkan,menunjukkan
ressi,resi
sesudah,sesudah
jumlahnya,jumlahnya
deffi,Deffi
sandag,Sandag
ditrack,di-track
mrk,mereka
trnsfer,transfer
kmna,kemana
mataram,Mataram
makasar,Makassar
tagihanya,tagihannya
memerlukan,memerlukan
tepatnya,tepatnya
kramat,keramat
laut,laut
ade,Ade
kesekian,kesekian
pekalongan,pekalongan
kasihh,kasih
dicheck,di-check
tercatat,tercatat
seler,seller
slmat,selamat
beraktivitas,beraktivitas
thnks,terima kasih
pengertiannya,pengertiannya
sarannya,sarannya
bukanya,bukanya
perumahan,perumahan
lt,lantai
terutama,terutama
buatkan,buatkan
berhubungan,berhubungan
pengirima,pengiriman
pngriman,pengiriman
njing,anjing
hy,hai
menunjukan,menunjukkan
whatsapp,Whatsapp
bukak,buka
mggu,minggu
serupa,serupa
dilayani,dilayani
lainya,lainya
smapai,sampai
tanaman,tanaman
cipondoh,Cipondoh
otentikasi,otentifikasi
karawaci,Karawaci
kondisikan,kondisikan
otw,otw
fb,Facebook
berkala,berkala
melalukan,melalukan
dipersulit,dipersulit
tungguin,tunggui
lokasinya,lokasinya
kenyataanya,kenyataannya
fotonya,fotonya
otp,otp
trnsksi,transaksi
setidaknya,setidaknya
noresi,nomor resi
jngn,jangan
abaikan,abaikan
menyusul,menyusul
titipkan,titipkan
blng,bilang
ikea,IKEA
diketahui,diketahui
kerekening,kerekening
ciput,ciput
cht,chat
transakai,transaksi
notifikasinya,notifikasinya
sayaaaaaa,saya
puluhan,puluhan
psen,pesan
mencatat,mencatat
setahu,setahu
nii,ini
cimahi,Cimahi
dikembalika,dikembalikan
sblum,sebelum
#bl,#bl
tujukan,tujukan
tolitoli,tolitoli
rudy,Rudy
kmbli,kembali
ngechat,ngechat
magelang,Magelang
tersimpan,tersimpan
no.hp,no.hp
membatalkannya,membatalkannya
keamanan,keamanan
faktanya,faktanya
mengenal,mengenal
pengembaliannya,pengembaliannya
yuni,Yuni
lh,lah
ceritanya,ceritanya
pemgiriman,pengiriman
dibntu,dibantu
sumatra,Sumatera
pelapk,pelapak
iyya,iya
kh,kah
sparepart,sparepart
pgi,pagi
terproses,terproses
gituh,begitu
pasanan,pesan
sampai.saya,sampai saya
membayarnya,membayarnya
ditlp,ditelepon
cr,cata
sgr,segera
nyuruh,menyuruh
ydh,ya sudah
bluetooth,bluetooth
hadi,hadi
mendadak,mendadak
tranafer,transfer
ketersediaan,ketersediaan
bedanya,bedanya
setau,setau
sarlina,Sarlina
tegaskan,tegaskan
petunjuknya,petunjuknya
tertentu,tertentu
bp,bapak
dirmh,di rumah
kekecewaan,kekecewaan
tolonh,tolong
ketidaknyamanannya,ketidaknyamanan
terganggu,terganggu
transkasi,transaksi
detailnya,detailnya
kost,kost
sampaii,sampai
kepulauan,kepulauan
pengirimn,pengiriman
didompet,didompet
cakung,Cakung
direject,di-reject
kemudahan,kemudahan
sebutkan,sebutkan
bgaimna,bagaimana
menaruh,menaruh
apah,apa
abdul,Abdul
iah,iya
barnag,barang
bossku,bosku
apaa,apa
bdo,bodoh
bosss,bos
tingkatkan,tingkatkan
:'(,:'(
beritahukan,beritahukan
kemrin,kemarin
pengisian,pengisian
terhapus,terhapus
edi,Edi
suru,suruh
baikk,baik
adidas,Adidas
adi,Adi
kekeliruan,kekeliruan
aldy,Aldy
sipp,oke
csnya,CSnya
keesokan,keesokan
kyak,seperti
dibls,dibalas
bkan,bukan
neh,nih
kontrakan,kontrakan
poto,foto
komplit,komplet
nilainya,nilainya
oia,oh iya
cibubur,Cibubur
kepotong,kepotong
keteranganya,keterangannya
konpirmasi,konfirmasi
kebijakannya,kebijakannya
terimanya,terimanya
tlfon,telepon
dijalan,di jalan
bertambah,bertambah
magetan,Magetan
lgsung,langsung
wednesday,Wednesday
dpet,dapat
skitar,sekitar
beraktifitas,beraktivitas
uwang,uang
padahl,padahal
kompirmsi,konfirmasi
menahan,menahan
terahir,terakhir
manaaaa,mana
manaaa,mana
siappp,siap
bergabung,bergabung
apps,apps
ok.saya,oke saya
no.pesanan,nomor pesanan
pertanyaannya,pertanyaannya
ngalamin,mengalami
belanjaan,belanjaan
amelia,Amelia
gda,tidak ada
oc,oke
transaki,transaksi
rasanya,rasanya
batasan,batasan
ditelusuri,ditelusuri
dikembaliin,dikembalikan
aga,agak
kesehatan,kesehatan
buruan,buruan
mencarikan,mencarikan
beralih,beralih
samarinda,Samarinda
zahra,Zahra
tnyakan,tanyakan
tidaknya,tidaknya
pokonya,pokonya
waduhh,aduh
ktny,katanya
menutup,menutup
scptnya,secepatnya
indosat,Indosat
dibohongi,dibohongi
yogyakarta,Yogyakarta
terverifikasi,terverifikasi
android.chrome.png,android.chrome.png
masalh,masalah
pmbelian,pembelian
brubah,berubah
ori,original
diawal,diawal
sesui,sesuai
bertindak,bertindak
penilaian,penilaian
jdnya,jadinya
wonosobo,Wonosobo
cman,cuma
jelasin,jelaskan
assalamu'alaikum,assalamu'alaikum
cctv,CCTV
nuhun,nuhun
kerjanya,kerjanya
pembayaranya,pembayarannya
gantikan,gantikan
ol,online
gorontalo,Gorontalo
monday,Monday
menyediakan,menyediakan
kantornya,kantornya
diberitahukan,diberitahukan
ngeceknya,memeriksanya
menarik,menarik
dijual,dijual
kendari,Kendari
medsos,media sosial
tapu,tapi
dihistory,di history
berisi,berisi
nikmati,nikmati
menyetujui,menyetujui
sbnrnya,sebenarnya
harian,harian
dak,tidak
dicoba,dicoba
yampe,sampai
harapkan,harapkan
kuatir,khawatir
lemot,lambat
pihal,pihak
tuliskan,tuliskan
infony,infonya
pembohongan,pembohongan
didepan,didepan
tagiahan,tagihan
dipihak,dipihak
bertanggungjawab,bertanggungjawab
achmad,Achmad
ig,IG
jatibarang,Jatibarang
krja,kerjanya
sampei,sampai
ituu,itu
kug,kok
image.png,image.png
brebes,Brebes
kejelasanya,kejelasannya
memahami,memahami
jadikan,jadikan
pesennya,pesennya
kelanjutanya,kelanjutannya
komplaint,komplaint
pny,punya
diabaikan,diabaikan
ngubungi,menghubungi
adek,adik
petamburan,petamburan
sii,sih
penerbit,penerbit
mngkin,mungkin
nyh,nih
kesabaran,kesabaran
belakangan,belakangan
bth,butuh
menyebutkan,menyebutkan
pernyataan,pernyataan
kalao,kalau
ungaran,Ungaran
dmana,dimana
roxy,Roxy
tebet,Tebet
cijantung,Cijantung
gresik,Gresik
asem,asam
ridho,Ridho
ndk,tidak
rizky,Rizky
purwanto,Purwanto
bosen,bosan
konfirmasiny,konfirmasinya
sbelum,sebelum
komplainnya,komplainnya
membelinya,membelinya
pgiriman,pengiriman
peasanan,pesanan
pertanyakan,pertanyakan
bagaiman,bagaimana
mnjadi,menjadi
btn,BTN
menghindar,menghindar
menegur,menegur
revo,Revo
jagan,jangan
panduan,panduan
futsal,futsal
pesannan,pesanan
transasi,transaksi
mengurus,mengurus
dititipkan,dititipkan
asep,asep
sosmed,sosial media
kebijaksanaan,kebijaksanaan
jntnya,JNT-nya
daritadi,dari tadi
sudha,sudah
ststus,status
kepda,kepada
pkek,pakai
makanan,makanan
sebagian,sebagian
kty,katanya
infox,infonya
ingatkan,ingatkan
bertugas,bertugas
marco,marco
cileungsi,Cileungsi
tanjungpinang,Tanjung Pinang
blsan,balasan
bagaimn,bagaimana
jupiter,Jupiter
klarifikasinya,klarifikasinya
ketegasan,ketegasan
jlas,jelas
pengirman,pengiriman
batrai,baterai
andi,Andi
bka,buka
dihitung,dihitung
ditingkatkan,ditingkatkan
atasan,atasan
diberitahu,diberitahu
kekurangannya,kekurangannya
mnurut,menurut
ketidak,ketidak
tlh,telah
mgkin,mungkin
okkk,ok
mnit,menit
komplai,komplain
kemasan,kemasan
sich,sih
lamanya,lamanya
resix,resinya
farhan,Farhan
sasaran,sasaran
batere,baterai
vegas,vegas
transaksiny,transaksinya
mic,mic
infoin,infokan
kompalin,komplain
kmbalikan,kembalikan
ditelp,ditelepon
bearti,berarti
ujungberung,Ujung Berung
diurus,diurus
cekkan,cekkan
brangny,barangnya
transaksimu,transaksimu
pesenannya,pesanannya
memperoleh,memperoleh
dede,dede
katnya,katanya
ditanyain,ditanyakan
kndala,kendala
woy,woy
iyaaaa,iya
jaringan,jaringan
tiketnya,tiketnya
berjanji,berjanji
memohon,memohon
iyha,iya
pelapakny,pelapaknya
konfrimasi,konfirmasi
komplenan,komplain
no.trx,nomor transaksi
khawatirkan,khawatirkan
stlah,setelah
pelacakan,pelacakan
kelihatan,kelihatan
didaerah,didaerah
mengubungi,mengubungi
tfr,transfer
boro,boro
mengadukan,mengadukan
yahhh,yah
iyahh,iya
ngisi,mengisi
mengikuti,mengikuti
soreang,Soreang
pelajar,pelajar
ngaret,telat
pmbeli,pembeli
tertutup,tertutup
susahnya,susahnya
impormasi,informasi
trmksih,terima kasih
okehh,ok
kmu,kamu
seorang,seorang
pratama,Pratama
kka,kakak
depannya,depannya
mempermainkan,mempermainkan
ui,ui
ps,ps
sudirman,Sudirman
dikirim-kirim,dikirim-kirim
dipotong,dipotong
pamulang,Pamulang
sminggu,seminggu
palangkaraya,Palangkaraya
dihistori,dihistori
paketannya,paketannya
ditarik,ditarik
syariah,syariah
transfr,transfer
berlangganan,berlangganan
automatis,otomatis
kalok,kalau
pembersih,pembersih
dompetku,dompetku
cibinong,Cibinong
gantungan,gantungan
keberatan,keberatan
nihh,nih
bnar,benar
keliatan,keliatan
negeri,negeri
maks,maksimal
berkenan,berkenan
sudaah,sudah
qu,aku
arief,Arief
numpang,menumpang
detai,detail
antrean,antrean
seharusx,seharusnya
berpa,berapa
dihapus,dihapus
digantikan,digantikan
sandisk,Sandisk
manaaaaa,mana
ngebantu,membantu
komplainan,komplainan
sayaaaaaaa,saya
menungu,menunggu
ditinjau,ditinjau
seblmnya,sebelumnya
shg,sehingga
bilng,bilang
samai,samai
pelayananya,pelayanannya
dsb,dsb
mengirimnya,mengirimnya
boyolali,Boyolali
produknya,produknya
nemu,menemukan
pertanggal,pertanggal
majalengka,Majalengka
wahan,wahan
dibiarkan,dibiarkan
penggunaan,penggunaan
ambilnya,ambilnya
hoodie,hoodie
sementar,sementara
diarahkan,diarahkan
tagian,tagihan
cairin,cairkan
sblumnya,sebelumnya
pesananmu,pesananmu
sbtu,sabtu
berminat,berminat
terpakai,terpakai
diserahkan,diserahkan
terkahir,terakhir
disebut,disebut
pnya,punya
pegiriman,pengiriman
sll,selalu
terima.nomor,terima nomor
keputus,keputus
jelasnya,jelasnya
berakhir,berakhir
trkirim,terkirim
sewaktu,sewaktu
tungg,tunggu
bantuanx,bantuannya
pihat,pihak
dampai,sampai
mengulur,mengulur
alesan,alasan
berbelit,berbelit
memangnya,memangnya
alfamaret,Alfamaret
hape,handphone
tagiha,tagihan
pmbayaran,pembayaran
balikan,balikan
membingungkan,membingungkan
chet,chat
seolah,seolah
menyangkut,menyangkut
menghub,menghubungi
dikirin,dikirim
sebenar,sebenar
mengeluarkan,mengeluarkan
kelebihan,kelebihan
sesuatu,sesuatu
berganti,berganti
terima.tapi,terima tapi
tlpnya,teleponnya
disistem,disistem
seprti,seperti
samp,sampai
biarin,biarkan
gapernah,tidak pernah
perumnas,perumnas
tulisanya,tulisannya
wassalam,wassalam
permainkan,permainkan
dsitu,di situ
pluit,Pluit
tersambung,tersambung
pencairannya,pencairannya
menawarkan,menawarkan
mase,masnya
anterin,antarkan
brangx,barangnya
gb,gb
disiapkan,disiapkan
brlum,belum
berencana,berencana
sdgkn,sedangkan
sruh,suruh
tungggu,tunggu
nonya,nomornya
konfermasi,konfirmasi
no.resinya,nomor resinya
ssuai,sesuai
batuan,batuan
jatim,Jawa Timur
ios,IOS
maluku,Maluku
disekitar,di sekitar
smntra,sementara
apkah,apakah
bacaan,bacaan
laporin,laporkan
menganti,menganti
no.transaksinya,nomor transaksinya
mohin,mohon
penangan,penangan
notransaksi,nomor transaksi
dago,Dago
ditegur,ditegur
hmmmm,hmm
baranya,baranya
dibatal,dibatal
sepenuhnya,sepenuhnya
sory,sorry
blh,boleh
dalm,dalam
keduanya,keduanya
sbelumnya,sebelumnya
bukapak,Bukalapak
iwan,Iwan
inii,ini
tasnya,tasnya
pergunakan,pergunakan
dtrima,diterima
hayy,hai
tunjukan,tunjukan
boong,bohong
psti,pasti
peb,peb
blik,balik
aktifkan,aktifkan
kedompet,kedompet
bsd,BSD
pengemasan,pengemasan
menyanggupi,menyanggupi
trim's,terima kasih
teansaksi,transaksi
pdf,pdf
dikemas,dikemas
bgmana,bagaimana
bunganya,bunganya
propinsi,provinsi
mempermudah,mempermudah
sidah,sudah
yudi,Yudi
ttep,tetap
tgihan,tagihan
sgra,segera
batre,baterai
pemasaran,pemasaran
bwt,buat
sjk,sejak
ank,anak
brati,berarti
smg,semoga
wkwk,haha
plg,pulang
harusny,harusnya
terbayarkan,terbayarkan
kahfi,Kahfi
diharapkan,diharapkan
parung,Parung
tapii,tapi
sleman,Sleman
sigesit,Sigesit
digantung,digantung
cekin,cekin
pengirimin,pengiriman
slempang,selempang
dibl,di Bukalapak
pengeriman,pengeriman
pls,please
tiba-tiba,tiba-tiba
ditunda,ditunda
ikhsan,Ikhsan
ayla,Ayla
sampai.tolong,sampai tolong
penjaga,penjaga
barag,barang
dinotifikasi,dinotifikasi
menuntut,menuntut
musti,harus
baranh,barang
pesanaan,pesanaan
dijwb,dijawab
bntu,bantu
okedeh,ok deh
kluarga,keluarga
yuli,Yuli
diakun,di akun
pgn,ingin
pemilihan,pemilihan
kebiasaan,kebiasaan
mengkonfirmasikan,mengkonfirmasikan
kesempatan,kesempatan
betulkan,betulkan
karn,karena
sbgai,sebagai
keberadaannya,keberadaannya
ditransaksi,ditransaksi
kasusnya,kasusnya
sipenjual,si penjual
moh,tidak mau
pengecekkan,pengecekkan
tagihn,tagihan
kuningan,kuningan
datengnya,datangnya
mya,nya
tudak,tidak
tahigan,tagihan
sebntr,sebentar
konfrm,konfirmasi
sekaran,sekarang
sni,sini
wati,Wati
stocknya,stoknya
okke,ok
peroses,proses
batuannya,bantuannya
bntuanya,bantuannya
hasyim,Hasyim
oesanan,pesanan
telponnya,telponnya
memberitahu,memberitahu
direpotkan,direpotkan
terbuka,terbuka
permohonan,permohonan
gagalkan,gagalkan
salatiga,Salatiga
bajunya,bajunya
menggangu,mengganggu
kekantor,kekantor
lohh,loh
sihh,sih
lingkungan,lingkungan
maaih,masih
oalah,oh begitu
pingin,ingin
dluan,duluan
utuk,untuk
sttusnya,statusnya
spertinya,sepertinya
hardcase,hardcase
bukalpak,Bukalapak
linknya,link-nya
menghindari,menghindari
transaski,transaksi
kerusakan,kerusakan
dilaporan,dilaporan
toni,toni
perasaan,perasaan
dpn,depan
teransfer,transfer
kunjungi,kunjungi
mnggunakan,menggunakan
aerox,Aerox
biaa,bisa
uangku,uangku
khabar,kabar
kewajiban,kewajiban
balasnya,balasnya
japri,japri
kepenjual,ke penjual
malamnya,malamnya
seenaknya,seenaknya
mingu,minggu
dimananya,dimananya
ajaa,saja
terumakasih,terima kasih
paginya,paginya
hadapi,hadapi
diinginkan,diinginkan
kurinya,kurirnya
ekspress,express
membatu,membatu
sekarg,sekarang
bles,balasnya
glodok,glodok
propesional,profesional
mpe,sampai
ngurus,mengurus
menemui,menemui
okeoke,ok
haha,haha
ok.trimakasih,ok terima kasih
trkait,terkait
ttpi,tetapi
klaten,Klaten
cuekin,cuekin
wat,apa
mamah,ibu
bogy,bogy
sudji,sudji
arijono,Arijono
sayangnya,sayangnya
trnasaksi,terima kasih
orgnya,orangnya
diundur,diundur
tindakannya,tindakannya
okeey,ok
diverifikasi,diverifikasi
blas,balas
sndri,sendiri
terbatas,terbatas
trandaksi,transaksi
ternyta,ternyata
belnja,belanja
keanggotaan,keanggotaan
pengaturan,pengaturan
papua,Papua
cengkareng,Cengkareng
pasword,password
mmbntu,membantu
applikasi,aplikasi
softcase,softcase
blitar,Blitar
afa,ada
soal'a,soalnya
denga,dengan
siyap,siap
parjo,Parjo
konfimasi,konfirmasi
resinyaa,resinya
bengkulu,Bengkulu
dichek,dicek
trnyta,ternyata
blora,Blora
alamatkan,alamatkan
screnshoot,screenshot
tempatnya,tempatnya
pesenam,pesanan
ahh,ah
mengirimkannya,mengirimkannya
sbentar,sebentar
membatal,membatal
dech,deh
diriwayat,di riwayat
brti,berarti
akunnya,akunnya
nomo,nomor
persetujuan,persetujuan
ywdh,ya sudah
secepatny,secepatnya
semula,semula
membawa,membawa
digagalkan,digagalkan
aza,saja
kabarkan,kabarkan
scepatnya,secepatnya
pembelanjaan,pembelanjaan
mengatasi,mengatasi
padal,padahal
drpd,dari pada
sudan,sudah
dipenuhi,dipenuhi
dya,dia
bantuin,bantu
ngerespon,merespon
adhitya,Adhitya
biyasa,biasa
otomatisnya,otomatisnya
iki,ini
refun,refund
didalam,didalam
ongkosnya,ongkosnya
azzam,Azzam
dimatikan,dimatikan
khususnya,khususnya
mnrt,menurut
berbicara,berbicara
ponsel,ponsel
minn,admin
sebagaimana,sebagaimana
bllom,belum
toshiba,Toshiba
dstu,di situ
menhubungi,menghubungi
dikecewakan,dikecewakan
pernh,pernah
hotline,hotline
pembyran,pembayaran
koo,kok
yusup,Yusup
belajar,belajar
remot,remote
cpat,cepat
terikirim,terkirim
berlanjut,berlanjut
urusannya,urusannya
nnya,nanya
bngung,bingung
keuangan,keuangan
mrt,menurut
bw,bawa
dikejar,dikejar
semingu,seminggu
thn,tahun
hardisk,hard disk
cd,CD
kurnia,Kurnia
tidaj,tidak
kebanyakan,kebanyakan
ngaco,kacau
tolng,tolong
ditertibkan,ditertibkan
bntuannya,bantuannya
datng,datang
pancoran,Pancoran
peaanan,pesanan
gara,gara
crome,chrome
kapuas,kapuas
terimaksh,terima kasih
sejenisnya,jenis
vouchernya,vouchernya
sam,sama
okaay,ok
binggung,bungung
trz,terus
sampau,sampai
terisi,terisi
dani,dani
dikoreksi,dikoreksi
mastiin,memastikan
gps,GPS
ciomas,Ciomas
yonex,Yonex
dropshiper,dropshiper
terpisah,terpisah
ditukar,ditukar
berharga,berharga
prmbayaran,pembayaran
tarakan,tarakan
nya.karna,nya karena
merchan,merchant
persoalan,persoalan
lagian,lagian
audah,ya sudah
pengemudi,pengemudi
manaaaaaaa,mana
sayaaaa,sayangnya
penbelian,pembelian
balesnya,balasnya
cepetan,cepat
berbarengan,berbarengan
itupun,itupun
cewe,perempuan
rumahnya,rumahnya
jml,jumlah
sesuaikan,sesuai
pesenanku,pesananku
taruna,taruna
kejadiannya,kejadiannya
keluarkan,keluarkan
ntb,NTB
siao,siap
nanyak,tanya
terma,terima
sebaik,sebaik
ty,thank you
menganggap,menganggap
tw,tau
bermaslah,bermaslah
samday,same day
sndiri,sendiri
mlalui,melalui
tetimakasih,terima kasih
cra,cara
perlakukan,perlakukan
manfaatkan,manfaatkan
shinta,Shinta
wita,WITA
pilihannya,pilihannya
blnya,BLnya
penanganannya,penanganannya
sediakan,sediakan
hadeuh,aduh
nyampeknya,sampainya
nyaaa,nya
saklar,sakelar
zendesk,Zendesk
lhoo,loh
e-tiket,e-ticket
youtube,Youtube
arahannya,arahannya
nelp,menelepon
wewenang,wewenang
menghambat,menghambat
wiliam,Wiliam
ok.makasih,ok terima kasih
komplein,komplain
dermawand,dermawan
nampaknya,tampaknya
skarng,sekarang
ditujukan,ditujukan
prsanan,pesanan
lansung,langsung
bagemana,bagaimana
sekrg,sekarang
bagamana,bagaimana
terakhirnya,terakhirnya
padaha,padahal
bantuaanya,bantuannya
baranf,barang
komplan,komplain
joko,Joko
req,req
thank's,thanks
ditanggerang,di Tangerang
pemebelian,pembelian
cairan,cairan
tagl,tanggal
bantul,Bantul
danah,dana
nmax,Nmax
agya,Agya
konfirmasih,konfirmasi
brsan,baru saja
kelemahan,kelemahan
proyector,proyektor
refrensi,referensi
mknya,makanya
bbrpa,beberapa
emai,email
ditambahkan,ditambahkan
pelunasan,pelunasan
msa,masa
gni,begini
totalnya,totalnya
kawatir,khawatir
ohiya,oh iya
transasksi,transaksi
dijogja,di Jogja
kesimpulannya,kesimpulannya
diperjelas,diperjelas
penjualny,penjualnya
kesimpulan,kesimpulan
penggiriman,pengiriman
dkt,dekat
inbok,inbox
citayam,Citayam
pertamina,Pertamina
maff,maaf
biarkan,biarkan
mlkukan,melakukan
beralasan,beralasan
yani,Yani
mengakses,mengakses
ys,yes
dijadikan,dijadikan
oooh,oh
kakk,kak
paketmu,paketmu
ksalahan,kesalahanmu
terjawab,terjawab
pakaian,pakaian
membosankan,membosankan
komen,komentar
twrima,terima
belanjakan,belanjakan
sayanya,sayanya
tuesday,tuesday
transsaksi,transaksi
ikuti,ikuti
okayy,ok
jl.kebon,JL. Kebon
ngebatalin,membatalkan
masihh,masih
halooooo,halo
xenos,Xenos
huhuhu,huhu
bukalapan,Bukalapak
sebatas,sebatas
rumh,rumah
alamatku,alamatku
edy,Edy
teleponnya,teleponnya
natuna,Natuna
ulasannya,ulasannya
alexandre,Alexandre
christie,Christie
padahala,padahal
perbaharui,perbaharui
medishop,medishop
ayunan,ayunan
kurrir,kurir
gosent,gosend
apalah,apalah
oprasional,operasional
danany,dananya
berbuat,berbuat
sertakan,sertakan
pelapal,pelapak
baranga,barangnya
untuj,untuk
kontek,kontak
disuru,disuruh
mminta,meminta
menitipkannya,menitipkannya
konpensasinya,kompensasinya
ditampilkan,ditampilkan
sragen,Sragen
kembli,kembali
sekai,sekai
pemberitahuanya,pemberitahuannya
blikin,balikan
no.order,nomor order
bantuaannya,bantuannya
ky,seperti
sedikitpun,sedikitpun
bulalapak,Bukalapak
diisi,diisi
ditungu,ditunggu
aslinya,aslinya
itukan,itukan
sudahh,sudah
dibogor,dibogor
paswoord,password
cranya,caranya
dbantu,dibantu
tunggunya,tunggunya
secepetnya,secepatnya
sampai.ini,sampai ini
bertemu,bertemu
ngantar,mengantar
tokennya,tokennya
keterlaluan,keterlaluan
detil,detail
pembayara,pembayaran
memperbaiki,memperbaiki
tuker,tukar
bklpk,Bukalapak
bgd,sangat
jwaban,jawaban
bukapalak,Bukalapak
nextday,nextday
diread,di-read
tntang,tentang
passwordnya,password-nya
sudag,sudah
reapon,respon
layani,layani
mbaknya,mbaknya
internetnya,internetnya
ril,riil
atasi,atasi
folow,follow
dehh,deh
sumarti,Sumarti
sprt,seperti
adagrab,ada Grab
pelakak,pelapak
psnn,pesanan
pedagangnya,pedagangnya
batujajar,Batujajar
cancelnya,cancelnya
ngawi,Ngawi
pegawai,pegawai
tersrbut,tersebut
nasinya,nasinya
potokan,patokan
onglen,online
dititip,dititip
jieyang,Jieyang
apriadi,Apriadi
sampai.tp,sampai tapi
sepengetahuan,sepengatahuan
materai,materai
tolongin,tolongi
terakir,terakhir
instans,instan
pengirimana,pengiriman
baranv,barang
baang,barang
telvon,telepon
prtyaan,pertanyaan
pbayaran,pembayaran
hlo,halo
kadaluwarsa,kedaluwarsa
dilempar,dilempar
respon.saya,respon saya
hariini,hari ini
daryo,Daryo
kos,kost
menjadikan,menjadikan
hidayat,Hidayat
samoai,sampai
indomaretnya,Indomaretnya
sayq,saya
itulah,itulah
ouw,oh
kwitansi,kuitansi
dengam,dengan
soesano,Soesano
cikupa,Cikupa
bukareksa,bukareksa
nana,Nana
lewt,lewat
hrga,harga
pinalti,penalti
dibelakang,di belakang
gapun,tidak punya
trimksi,terima kasih
sejam,sejam
fungsinya,fungsinya
kawasaki,Kawasaki
bernomor,bernomor
priok,Priok
halloooo,halo
cilandak,Cilandak
listriknya,listriknya
terpencet,terpencet
tujuanya,tujuannya
peseanan,pesanan
pemabayaran,pembayaran
konfirmaai,konfirmasi
sdngkan,sedangkan
terkena,terkena
mreka,mereka
hormati,hormati
bagaimanakah,bagaimanakah
bekum,belum
dsuruh,disuruh
cancell,cancel
trmkasih,terima kasih
logikanya,logikanya
bku,buku
ulangi,ulangi
makinuntung,makinuntung
bbrapa,beberapa
sawahan,sawahan
supir,sopir
dbukalapak,di Bukalapak
ditelepon,ditelepon
berlarut,berlarut
sajalah,sajalah
apakan,apakan
untukmu,untukmu
merespond,merespon
wifi,wifi
telf,telepon
menyebabkan,menyebabkan
selesai.mohon,selesai mohon
pastiin,pastikan
lamongan,Lamongan
nyape,menyapa
aph,apa
chatan,chat-an
menjamin,menjamin
cikoko,Cikoko
tegalparang,Tegalparang
sbesar,sebesar
pendidikan,pendidikan
terdahulu,terdahulu
sayaaa,saya
penuhi,penuhi
ketentuannya,ketentuannya
lutfi,Lutfi
wahh,wah
vailid,valid
mengeceknya,mengeceknya
jawabanny,jawabannya
jamnya,jamnya
terjangkau,terjangkau
pembeluan,pembeluan
pmberitahuan,pemberitahuan
ayanashop,ayanashop
pembayarn,pembayaran
mencurigakan,mencurigakan
menggapa,mengapa
masalhnya,masalahnya
recomended,recommended
menitipkan,menitipkan
bagaimanapun,bagaimanapun
perencanaan,perencanaan
enakan,enakan
thp,tahap
ngadu,mengadu
pemalang,pemalang
mempertimbangkan,memperimbangkan
karbu,karbu
yanto,Yanto
carbonex,carbonex
nasikhudin,Nasikhudin
fullset,full set
ampir,hampir
dedi,Dedi
toyota,Toyota
daei,dari
tolg,tolong
beralamat,beralamat
nakula,Nakula
sodara,saudara
jnji,janji
loo,loh
chact,chat
perna,pernah
sepelekan,sepelekan
goegel,google
masudi,Masudi
pengirimanaya,pengirimannya
diblas,dibalas
sdr,saudara
otg,OTG
plis,please
manaaaaaa,mana
pemecahan,pemecahan
smartwatch,smartwatch
ditagih,ditagih
memperlambat,memperlambat
transsksi,transaksi
slm,salam
kepending,kepending
le,ke
miskomunikasi,miskomunikasi
sblmny,sebelumnya
kwatir,khawatir
fikir,pikir
karnakan,kerenakan
menuggu,menunggu
diauruh,disuruh
wardah,Wardah
meyakinkan,meyakinkan
bkin,bikin
jwab,jawab
apdet,update
megapro,Megapro
imfo,info
membohongi,membohongi
lht,lihat
menunngu,menunggu
jelasan,jelasan
singkawang,Singkawang
transferkan,transferkan
soalanya,soalnya
apa-apa,apa-apa
helmi,Helmi
mengurangi,mengurangi
vailed,failed
munculnya,munculnya
saaat,saat
deker,deker
nihhh,nih
batalakan,batalkan
terhambat,terhambat
bukalapal,Bukalapak
blang,bilang
terbukti,terbukti
dgan,dengan
jgan,jangan
undelivery,undelivery
diginiin,dibeginikan
atensinya,atensinya
jayapura,Jayapura
bantuannnya,bantuannya
timor,Timor
tengkyu,terima kasih
ush,usah
dtnggu,ditunggu
ilir,ilir
preorder,preorder
spakat,sepakat
lnjut,lanjut
meruya,Meruya
pketan,paketan
dikonfirmasikan,dikonfirmasikan
cpu,CPU
vera,Vera
ciracas,Ciracas
penyelesainnya,penyelesaiannya
dikonfirm,dikonfirmasi
trsbt,tersebut
kaaih,kasih
asalnya,asalnya
jayanto,Jayanto
jualannya,jualannya
dikhawatirkan,dikhawatirkan
retmi,resmi
selebihnya,selebihnya
diterimanya,diterimanya
kedaluarsa,kedaluwarsa
bts,batas
kmudian,kemudian
cianjur,Cianjur
kirimi,kirimi
sebisa,sebisa
semingggu,seminggu
rizal,Rizal
baliknya,baliknya
dipercaya,dipercaya
saya.dan,saya dan
bisakan,bisakan
tambahkan,tambahkan
terkaitnya,terkaitnya
iyyah,iya
belum.sampai,belum sampai
beroperasi,beroperasi
merusak,merusak
ninjanya,Ninjanya
diresponse,direspon
merespons,merespons
i'm,I am
smnggu,seminggu
neneng,Neneng
mengakui,mengakui
tjuan,tujuan
haloooo,halo
keputusannya,keputusannya
perumah,perumah
musholla,musholla
matikan,matikan
skalian,sekalian
pln,PLN
bertahap,bertahap
kelacak,kelacak
saha,saha
menyepelekan,menyepelekan
dipertegas,dipertegas
pertma,pertama
ouhh,oh
sajah,saja
sgni,segini
ajib,mantap
ditnggu,ditunggu
pesnn,pesanan
pelepak,pelepak
ststusnya,statusnya
tampilkan,tampilkan
sehrusnya,seharusnya
melaui,melalui
sesalkan,sesalkan
duanya,duanya
ketidaknyamanan,ketidaknyamanan
resii,resi
seratus,seratus
terimaksaih,terima kasih
nympek,sampai
jumaat,jumat
bagiamana,bagaimana
tranper,transfer
deliveri,delivery
menggu,menggu
menghungin,menghubungi
trlalu,terlalu
pembantu,pembantu
soalya,soalnya
ok.terima,ok terima
medika,Medika
disegerakan,disegerakan
yudha,Yudha
selsain,selesaikan
treking,tracking
jogjakarta,Jogjakarta
egi,Egi
anjuran,anjuran
huhu,huhu
keluhannya,keluhannya
nimor,nomor
disarankan,disarankan
cariin,carikan
salh,salah
repon,respon
nurhaemah,Nurhaemah
baranq,brang
sampai.padahal,sampai padahal
terlaris,terlaris
dipermainkan,dipermainkan
patokannya,patokannya
sudab,sudah
cibiru,Cibiru
trak,track
tanyak,tanya
terbantu,terbantu
diiklan,diiklan
percumah,percuma
julian,Julian
menguntungkan,menguntungkan
drtd,dari tadi
pesn,pesan
srg,sering
prlapak,pelapak
norek,nomor rekening
seringkali,seringkali
menyimpan,menyimpan
pafahal,padahal
datangi,datangi
bisanya,bisanya
sepatunya,sepatunya
dikeluarkan,dikeluarkan
diusut,diusut
verdi,Verdi
meng-cancel,meng-cancel
pergudangan,pergudangan
emailny,emailnya
daniel,Daniel
sampai.dan,sampai dan
barangy,barangnya
ditungguin,ditungguin
prosea,proses
jawban,jawaban
apkh,apakah
mbaj,mbak
demak,Demak
andora,Andora
lamaa,lama
kososng,kosong
hdd,HDD
selamt,selamat
siaap,siap
laah,lah
resminya,resmi
hubngi,hubungi
syg,sayang
hellow,halo
slsai,selesai
jelaa,jelas
smpainya,sampainya
menyakan,menanyakan
willian,Willian
diketerangannya,di keterangannya
gakan,tidak akan
pesenen,pesenen
setelahnya,setelahnya
menghilangkan,menghilangkan
kami.mohon,kami mohon
plapaknya,pelapaknya
seumpama,seumpama
persulit,persulit
sembarangan,sembarangan
returan,returan
ataw,atau
zaky,Zaky
bekerjasama,berkejasama
antaran,antaran
broo,bro
systemnya,sistemnya
niih,nih
brusan,barusan
diah,dia
hei,hai
realisasinya,realisasinya
oey,oy
setiawaty,Setiawaty
bolehkan,bolehkan
knph,kenapa
dijangkau,dijangkau
terikasih,terima kasih
nahh,nah
selmat,selamat
progresnya,progresnya
taransaksi,transaksi
ino,ini
akui,akui
no.trans,nomor transfer
redi,ready
dikontak,dikontak
brt,berat
prngiriman,pengiriman
hububgi,hubungi
barengan,barengan
sampy,sampai
thd,terhadap
screenshootnya,screenshootnya
mengeluh,mengeluh
gimnh,gimana
perobahan,perubahan
lon,belum
pelpak,pelapak
trkhir,terakhir
coblong,Coblong
inget,ingat
trimks,terima kasih
dikomplain,dikomplain
suksea,sukses
copas,copas
proces,process
priuk,Priuk
melunasi,melunasi
samasekali,sama sekali
melayang,melayang
yanh,yang
purbalinnga,purbalingga
pejual,pejual
oooo,oh
berkendala,berkendala
jumblah,jumlah
dropshipper,dropshipper
menjelang,menjelang
nuggu,menunggu
kesanggupan,kesanggupan
nggantung,menggantung
mkshi,terima kasih
jka,jika
arahan,arahan
teruss,terus
pengusir,pengusir
benarkah,benarkah
kmana,kemana
cipinang,Cipinang
mengorder,mengorder
memperpanjang,memperpanjang
wrna,warna
pindahkan,pindahkan
hii,hai
anwar,Anwar
mencancel,men-cancel
terindikasi,terindikasi
stoknya,stoknya
tolongg,tolong
kebaikan,kebaikan
karakter,karakter
kesengajaan,kesengajaan
kepolisian,kepolisian
dkpnfirmasi,dikonfirmasi
pasuruan,Pasuruan
gimanaaa,gimana
owhh,oh
ipad,Ipad
dagangan,dagangan
terimasih,terima kasih
viralkan,viral-kan
pesaan,pesaan
ibukota,ibu kota
persija,Persija
maksimalkan,maksimalkan
sholat,sholat
klow,kalau
pngirim,pengirim
adaa,ada
diperiksa,diperiksa
barcode,barcode
mksud,maksud
turunin,turunkan
kembalian,kembalian
pelangan,pelangan
pesanan'a,pesanannya
biasax,biasanya
lebi,lebih
merefund,me-refund
bukn,bukan
dbntu,dibantu
maknya,makanya
thankyou,thank you
sajaa,saja
nmrnya,nomornya
trsb,tersebut
menubggu,menunggu
fhoto,foto
cisurupan,Cisurupan
verivikasi,verifikasi
kristiana,Kristiana
bdg,Bandung
hubunggi,hubungi
oks,ok
kesorean,kesorean
smntr,sementara
smapi,sampai
setujui,setujui
suzuki,Suzuki
dongggg,dong
halnya,halnya
kyknya,sepertinya
no.rekening,nomor rekening
cibangkur,Cibangkur
sukadaya,Sukadaya
cikulur,Cikulur
dipengiriman,di pengiriman
enaknya,enaknya
fyi,FYI
bima,Bima
mito,Mito
dipantau,dipantau
gantinya,gantinya
setempat,setempat
ditelfon,ditelepon
pembayran,pembayaran
itoh,itu
satus,status
udahlah,sudah lah
polytron,Polytron
pengiriman'y,pengirimannya
sebelom,sebelum
siank,siang
thl,tanggal
matraman,Matraman
bayaran,bayaran
pdahl,padahal
updet,update
mukti,Mukti
ordr,order
buth,butuh
makasihhh,terima kasih
pelapakx,pelapaknya
didiamkan,didiamkan
tulung,tolong
diperkirakan,diperkirakan
untum,untuk
tanki,tanki
sampain,sampaikan
hermawan,Hermawan
jersy,jersey
bleh,boleh
blsannya,balasannya
selesainya,selesainya
tibanya,tibanya
ditranfer,ditransfer
menginginkan,menginginkan
inikan,inikan
mnaa,mana
pemanggang,pemanggang
pesanan.saya,pesanan saya
solusiny,solusinya
rasis,rasis
iqbal,Iqbal
tuch,tuh
realnya,realnya
nawarin,menawarkan
saller,seller
spya,supaya
bagaiamana,bagaimana
rmah,rumah
velg,velg
barg,barang
kebutuhan,kebutuhan
pelacak,pelacak
sampaj,sampah
cueknya,cueknya
zakaria,Zakaria
emangnya,emangnya
konformasi,konfirmasi
telponin,teleponkan
dimasukin,dimasukkan
kurniawati,Kurniawati
lamaaaa,lama
jempolnya,jempolnya
angus,hangus
dilokasi,dilokasi
gapapa,tidak apa-apa
xampe,sampai
bolehkah,bolehkah
sendri,sendiri
tmn,teman
susanto,Susanto
menanti,menanti
pemberitauan,pemberitahuan
napa,kenapa
sama-sama,sama-sama
e-ticket,e-ticket
kli,mungkin
dikarena,dikarena
pengakuan,pengakuan
exprees,express
cilacap,Cilacap
iskandar,Iskandar
mengharapkan,mengharapkan
respone,respon
padalah,padalah
pengirimam,pengiriman
simpulkan,simpulkan
setya,Setya
kordinat,koordinat
meberikan,meberikan
pemebeli,pemebeli
ninjaxpress,ninjaexpress
janjiin,janjikan
telephon,telepon
disiantar,di Siantar
disetatus,di status
btpn,BTPN
vacum,vacuum
nlpon,menelepon
ditinggu,ditunggu
dikirimi,dikirimi
phak,pihak
kadih,kasih
bannya,bannya
demgan,dengan
dpnya,depannya
kebuka,kebuka
wkwkwk,wkwk
irfan,Irfan
ibuk,ibu
pertgl,per tanggal
gaptek,gaptek
harun,Harun
mesjid,masjid
mengulang,mengulang
kokk,kok
seseorang,seseorang
satrio,Satrio
resinnya,resinnya
dikira,dikira
enggk,tidak
pemotongan,pemotongan
murahan,murahan
dikirim.mohon,dikirim mohon
centre,centre
ijo,hijau
pembicaraan,pembicaraan
pernikahan,pernikahan
kak.terima,kak terima
beruba,berubah
bertali,bertali
tpsampai,tapi sampai
laeny,lainnya
efeknya,efeknya
ngambek,marah
dijembalikan,dikembalikan
fimana,gimana
lakukna,lakukan
donx,dong
mie,mie
kemrn,kemarin
laksanakan,laksanakan
berdasar,berdasar
kehabisan,kehabisan
btul,betul
maksd,maksud
mendaftar,mendaftar
nyesek,sesak
validasi,validasi
tanyakn,tanyakan
konfrmsi,konfirmasi
waktux,waktunya
kemarn,kemarin
acuan,acuan
kompensasinya,kompensasinya
addres,address
dnk,dong
melalukam,melakukan
maksudny,maksudnya
nunda,menunda
ohhhh,oh
kejanggalan,kejanggalan
terkini,terkini
centernya,centernya
terburuk,terburuk
diklik,diklik
catok,catok
obrolan,obrolan
tanda-tanda,tanda-tanda
bget,banget
mengarahkan,mengarahkan
taggal,tanggal
brupa,berupa
kuterima,ku terima
dbls,dibalas
untu,untuk
pngembalian,pengembalian
nugroho,Nugroho
nanggung,tanggung
berpindah,berpindah
pemula,pemula
kpada,kepada
grabbike,grab bike
livina,Livina
pringsewu,Pringsewu
palmerah,Palmerah
bagaima,bagaimana
rupanya,rupanya
packingnya,packingnya
diutamakan,diutamakan
kofirmasinya,konfirmasinya
barangpun,barangpun
beliin,belikan
ciawi,Ciawi
pembaruan,pembaruan
secptnya,secepatnya
apadahal,padahal
wiranto,Wiranto
kerna,karena
pajangan,pajang
berterima,berterima
mesannya,mesannya
jdinya,jadinya
jatirahayu,Jatirahayu
pengiriamn,pengiriman
sebelumya,sebelumnya
dinkirim,dikirim
pengitiman,pengiriman
jangn,jangan
dres,dress
bodykit,body kit
parfume,parfum
struknya,struknya
thamrin,Thamrin
narogong,Naragong
pengikat,pengikat
menyusahkan,menyusahkan
titipan,titipan
yeni,Yeni
jualnya,jualnya
drumah,di rumah
memanfaatkan,memanfaatkan
pembayrn,pembayaran
mochamad,Mochamad
nangis,menangis
aktualnya,aktualnya
kenalpot,knalpot
ngg,tidak
banggai,banggai
menambahkan,menambahkan
diperbolehkan,diperbolehkan
menimbulkan,menimbulkan
langaung,langsung
benerin,benarkan
diwebsite,di website
adlah,adalah
menggunakn,menggunakan
seruni,seruni
cbr,CBR
egk,tidak
pembelia,pembelia
sampsi,sampai
penambahan,penambahan
lhaa,lah
slama,selama
pesab,pesan
adukan,adukan
pnting,penting
kpda,kepada
ktika,ketika
kurier,kurir
emal,email
gausah,tidak usah
omongan,omongan
mjd,menjadi
seller'a,sellernya
aditya,Aditya
ktany,katanya
mancing,memancing
pemasukan,pemasukan
grabinstant,grab instant
maslahnya,masalahnya
manaa,mana
tujuanx,tujuannya
trnsaksinya,transaksinya
andro,android
sesaui,sesuai
pembelianya,pembelianya
exspress,express
smggu,seminggu
mlulu,melulu
menyiapkan,menyiapkan
saja.saya,saja saya
megirim,mengirim
ataukah,ataukah
biasany,biasanya
jmt,jumat
asslm,assalamualaikum
manakah,manakah
mengetik,mengetik
hatur,hatur
foglamp,fog lamp
suryana,Suryana
email-nya,email-nya
helem,helm
kepenerima,ke penerima
nmanya,namanya
iaa,iya
lahi,lagi
omg,omg
ady,Ady
uangx,uangnya
smentara,sementara
kash,cash
parcell,parsel
x-ray,x-ray
aktiv,aktif
dicuekin,dicuekkan
robi,Robi
waduuh,wah
bersaing,bersaing
ditinggalkan,ditinggalkan
krmh,ke rumah
berrti,berarti
soal'y,soalnya
bantuan'y,bantuannya
steven,Steven
hamid,Hamid
memakain,memakai
trnfer,transfer
tnx,terima kasih
dikerjain,dikerjakan
courir,courier
bukalak,Bukalapak
grgr,gara-gara
dkirm,dikirim
macem,macam
pebayaran,pebayaran
pengantian,pengantian
ultahnya,ulang tahunnya
tahuan,tahuan
sring,sering
yampai,sampai
sumedang,Sumedang
ninggalin,meninggalkan
bloem,belum
slesai,selesai
tndak,tindak
lnjuti,lanjuti
noresinya,nomor resinya
contac,contact
diposisi,di posisi
zonk,nihil
haturkan,haturkan
mngecewakan,mengecewakan
omor,nomor
terina,terima
anaknya,anaknya
slonjor,selonjor
sharusnya,seharusnya
terhenti,terhenti
ok.terimakasih,ok terima kasih
kecawa,kecewa
terusan,terusan
iia,iya
lebh,lebih
tlat,telat
mnding,mending
hbs,habis
disitus,disitus
namnya,namanya
supriadi,Supriadi
nusa,Nusa
sim,SIM
boking,booking
saua,saya
valid.ini,valid ini
ekpspedisi,ekspedisi
aturannya,aturannya
diberitakan,diberitakan
prnerimanya,penerimanya
mngenalnya,mengenalnya
memesannya,memesannya
trkrim,terkirim
menelepon,menelepon
menikmati,menikmati
pesanab,pesanan
selller,seller
jamharikerja,jam hari kerja
respondnya,responnya
respom,respon
mngatakan,mengatakan
hah,hah
perwakilan,perwakilan
hlg,hilang
yauda,ya sudah
minnn,admin
kmblikan,kembalikan
ketidaknyamannya,ketidaknyamanannya
sampe.mohon,sampai mohon
solat,sholat
mksdny,maksudnya
kiirim,kirim
bahasanya,bahasanya
lau,kamu
penangannya,penangannya
pngirimn,pengiriman
ekpress,express
tekanan,tekanan
peaan,peaan
kecurangan,kecurangan
alo,halo
ngehubungi,menghubungi
vga,VGA
merasakan,merasakan
menjalankan,menjalankan
blim,belum
knfrmsi,konfirmasi
mrasa,merasa
kasiih,kasih
mengatasinya,mengatasinya
rizki,Rizki
snin,Senin
direkomendasikan,direkomendasikan
nerangin,menerangkan
hukuman,hukuman
karana,karena
vaio,Vaio
barang-barang,barang-barang
trasaksinya,transaksinya
dipasang,dipasang
caht,chat
ggu,ganggu
dipemberitahuan,di pemberitahuan
carany,caranya
sudaj,sudah
jakartabarat,jakarta barat
go-jek,gojek
akulakunya,akulakunya
menghargai,menghargai
penjualn,penjualan
jabodetabek,jabodetabek
meningkatkan,meningkatkan
letaknya,letaknya
servicenya,servicenya
risma,Risma
dapt,dapat
inpo,info
berminggu,berminggu
koperatif,kooperatif
bio,bio
tangung,tanggung
harapannya,harapannya
ngomongnya,ngomongnya
abal,abal
bercanda,bercanda
krg,kurang
sampao,sampai
sebntar,sebentar
menyertakan,menyertakan
sudahhh,sudah
bellum,belum
pohak,pohak
nganjuk,Nganjuk
siapakah,siapakah
sape,siapa
kordinasi,koordinasi
fiturnya,fiturnya
nenyebalkan,menyebalkan
palaing,paling
historiesnya,historinya
pembohong,pembohong
akibatnya,akibatnya
dibuatkan,dibuatkan
adira,Adira
bodo,bodoh
bgi,bagi
smpaikan,sampaikan
psann,pesanan
kanapa,kenapa
ditinggal,ditinggal
merspon,merespon
pemesannya,pemesannya
tchala,Tchala
nuralim,Nuralim
permudah,permudah
selfie,selfie
tlponin,teleponkan
narik,menarik
mbax,mbaknya
herlina,Herlina
memposting,memposting
laa,lah
biisa,bisa
screetshoot,screenshot
membajak,membajak
lanjutannya,lanjutannya
irc,IRC
kadarluasa,kedaluwarsa
out'y,outnya
bohongan,bohongan
gantiin,gantikan
masinya,masihnya
komfrimasi,konfirmasi
succes,success
ditanggal,ditanggal
sayapun,sayapun
namum,namun
alamtkan,alamatkan
reebok,Reebok
statusny,statusnya
koordinasikan,koordinasikan
kepelapaknya,ke pelapaknya
diaktifkan,diaktifkan
os,OS
slllu,selalu
slahkan,slahkan
mngulur,mengulur
hrg,harga
padagal,padahal
dikirmkan,dikirimkan
btas,batas
linenya,linenya
bersifat,bersifat
dongg,dong
aktifin,aktifkan
tfa,transfer
sunardi,Sunardi
mksimal,maksimal
bantuannya.terima,bantuannya terima
tlah,telah
espedisi,ekspedisi
grey,grey
rei,rei
haduhhh,haduh
purwodadi,Purwodadi
fiture,fitur
distatusnya,distatusnya
disebabkan,disebabkan
mengandung,mengandung
meninggalkan,meninggalkan